2025-11-20T10:21:58.577-03:00  INFO 29496 --- [main] c.q.a.AlmoxarifadoApplication            : Starting AlmoxarifadoApplication using Java 24.0.1 with PID 29496 (C:\Users\mfsco\Documents\Aratech Sistemas\Clientes\qmovi\almoxarifado\almoxarifado\target\classes started by mfsco in C:\Users\mfsco\Documents\Aratech Sistemas\Clientes\qmovi\almoxarifado)
2025-11-20T10:21:58.586-03:00  INFO 29496 --- [main] c.q.a.AlmoxarifadoApplication            : No active profile set, falling back to 1 default profile: "default"
2025-11-20T10:22:00.168-03:00  INFO 29496 --- [main] .s.d.r.c.RepositoryConfigurationDelegate : Bootstrapping Spring Data JPA repositories in DEFAULT mode.
2025-11-20T10:22:00.287-03:00  INFO 29496 --- [main] .s.d.r.c.RepositoryConfigurationDelegate : Finished Spring Data repository scanning in 98 ms. Found 2 JPA repository interfaces.
2025-11-20T10:22:01.231-03:00  INFO 29496 --- [main] o.s.b.w.embedded.tomcat.TomcatWebServer  : Tomcat initialized with port 8080 (http)
2025-11-20T10:22:01.255-03:00  INFO 29496 --- [main] o.apache.catalina.core.StandardService   : Starting service [Tomcat]
2025-11-20T10:22:01.256-03:00  INFO 29496 --- [main] o.apache.catalina.core.StandardEngine    : Starting Servlet engine: [Apache Tomcat/10.1.48]
2025-11-20T10:22:01.375-03:00  INFO 29496 --- [main] o.a.c.c.C.[Tomcat].[localhost].[/]       : Initializing Spring embedded WebApplicationContext
2025-11-20T10:22:01.375-03:00  INFO 29496 --- [main] w.s.c.ServletWebServerApplicationContext : Root WebApplicationContext: initialization completed in 2704 ms
2025-11-20T10:22:02.025-03:00  INFO 29496 --- [main] com.zaxxer.hikari.HikariDataSource       : HikariPool-1 - Starting...
2025-11-20T10:22:02.367-03:00  INFO 29496 --- [main] com.zaxxer.hikari.pool.HikariPool        : HikariPool-1 - Added connection org.postgresql.jdbc.PgConnection@5d194314
2025-11-20T10:22:02.370-03:00  INFO 29496 --- [main] com.zaxxer.hikari.HikariDataSource       : HikariPool-1 - Start completed.
2025-11-20T10:22:02.407-03:00  INFO 29496 --- [main] org.flywaydb.core.FlywayExecutor         : Database: jdbc:postgresql://localhost:5433/qmovi?sslmode=disable (PostgreSQL 16.10)
2025-11-20T10:22:02.556-03:00  INFO 29496 --- [main] o.f.core.internal.command.DbValidate     : Successfully validated 2 migrations (execution time 00:00.056s)
2025-11-20T10:22:02.618-03:00  INFO 29496 --- [main] o.f.core.internal.command.DbMigrate      : Current version of schema "public": 2
2025-11-20T10:22:02.637-03:00  INFO 29496 --- [main] o.f.core.internal.command.DbMigrate      : Schema "public" is up to date. No migration necessary.
2025-11-20T10:22:02.801-03:00  INFO 29496 --- [main] o.hibernate.jpa.internal.util.LogHelper  : HHH000204: Processing PersistenceUnitInfo [name: default]
2025-11-20T10:22:02.956-03:00  INFO 29496 --- [main] org.hibernate.Version                    : HHH000412: Hibernate ORM core version 6.6.33.Final
2025-11-20T10:22:03.013-03:00  INFO 29496 --- [main] o.h.c.internal.RegionFactoryInitiator    : HHH000026: Second-level cache disabled
2025-11-20T10:22:03.425-03:00  INFO 29496 --- [main] o.s.o.j.p.SpringPersistenceUnitInfo      : No LoadTimeWeaver setup: ignoring JPA class transformer
2025-11-20T10:22:03.549-03:00  INFO 29496 --- [main] org.hibernate.orm.connections.pooling    : HHH10001005: Database info:
	Database JDBC URL [Connecting through datasource 'HikariDataSource (HikariPool-1)']
	Database driver: undefined/unknown
	Database version: 16.10
	Autocommit mode: undefined/unknown
	Isolation level: undefined/unknown
	Minimum pool size: undefined/unknown
	Maximum pool size: undefined/unknown
2025-11-20T10:22:04.661-03:00  INFO 29496 --- [main] o.h.e.t.j.p.i.JtaPlatformInitiator       : HHH000489: No JTA platform available (set 'hibernate.transaction.jta.platform' to enable JTA platform integration)
2025-11-20T10:22:04.719-03:00  INFO 29496 --- [main] j.LocalContainerEntityManagerFactoryBean : Initialized JPA EntityManagerFactory for persistence unit 'default'
2025-11-20T10:22:05.657-03:00  WARN 29496 --- [main] JpaBaseConfiguration$JpaWebConfiguration : spring.jpa.open-in-view is enabled by default. Therefore, database queries may be performed during view rendering. Explicitly configure spring.jpa.open-in-view to disable this warning
2025-11-20T10:22:06.430-03:00  INFO 29496 --- [main] o.s.b.w.embedded.tomcat.TomcatWebServer  : Tomcat started on port 8080 (http) with context path '/'
2025-11-20T10:22:06.452-03:00  INFO 29496 --- [main] c.q.a.AlmoxarifadoApplication            : Started AlmoxarifadoApplication in 8.791 seconds (process running for 9.725)
2025-11-20T10:22:06.457-03:00  WARN 29496 --- [main] o.s.core.events.SpringDocAppInitializer  : SpringDoc /v3/api-docs endpoint is enabled by default. To disable it in production, set the property 'springdoc.api-docs.enabled=false'
2025-11-20T10:22:06.458-03:00  WARN 29496 --- [main] o.s.core.events.SpringDocAppInitializer  : SpringDoc /swagger-ui.html endpoint is enabled by default. To disable it in production, set the property 'springdoc.swagger-ui.enabled=false'
2025-11-20T10:22:37.244-03:00  INFO 29496 --- [http-nio-8080-exec-2] o.a.c.c.C.[Tomcat].[localhost].[/]       : Initializing Spring DispatcherServlet 'dispatcherServlet'
2025-11-20T10:22:37.245-03:00  INFO 29496 --- [http-nio-8080-exec-2] o.s.web.servlet.DispatcherServlet        : Initializing Servlet 'dispatcherServlet'
2025-11-20T10:22:37.249-03:00  INFO 29496 --- [http-nio-8080-exec-2] o.s.web.servlet.DispatcherServlet        : Completed initialization in 2 ms
2025-11-20T10:22:38.027-03:00  WARN 29496 --- [http-nio-8080-exec-2] o.h.engine.jdbc.spi.SqlExceptionHelper   : SQL Error: 0, SQLState: 23502
2025-11-20T10:22:38.028-03:00 ERROR 29496 --- [http-nio-8080-exec-2] o.h.engine.jdbc.spi.SqlExceptionHelper   : ERROR: null value in column "autorizado_gestor" of relation "movimentacao_estoque" violates not-null constraint
  Detalhe: Failing row contains (5, 28, ENTRADA, 100, 0, 100, null, João Conferente, Entrada de estoque via cadastro de produto, 2025-11-20 10:22:38.004842).
2025-11-20T10:22:38.054-03:00 ERROR 29496 --- [http-nio-8080-exec-2] o.a.c.c.C.[.[.[/].[dispatcherServlet]    : Servlet.service() for servlet [dispatcherServlet] in context with path [] threw exception [Request processing failed: org.springframework.dao.DataIntegrityViolationException: could not execute statement [ERROR: null value in column "autorizado_gestor" of relation "movimentacao_estoque" violates not-null constraint
  Detalhe: Failing row contains (5, 28, ENTRADA, 100, 0, 100, null, João Conferente, Entrada de estoque via cadastro de produto, 2025-11-20 10:22:38.004842).] [insert into movimentacao_estoque (autorizado_gestor,conferente,criado_em,observacao,produto_id,quantidade,saldo_anterior,saldo_atual,tipo_movimentacao) values (?,?,?,?,?,?,?,?,?)]; SQL [insert into movimentacao_estoque (autorizado_gestor,conferente,criado_em,observacao,produto_id,quantidade,saldo_anterior,saldo_atual,tipo_movimentacao) values (?,?,?,?,?,?,?,?,?)]; constraint [autorizado_gestor" of relation "movimentacao_estoque]] with root cause

org.postgresql.util.PSQLException: ERROR: null value in column "autorizado_gestor" of relation "movimentacao_estoque" violates not-null constraint
  Detalhe: Failing row contains (5, 28, ENTRADA, 100, 0, 100, null, João Conferente, Entrada de estoque via cadastro de produto, 2025-11-20 10:22:38.004842).
	at org.postgresql.core.v3.QueryExecutorImpl.receiveErrorResponse(QueryExecutorImpl.java:2736) ~[postgresql-42.7.8.jar:42.7.8]
	at org.postgresql.core.v3.QueryExecutorImpl.processResults(QueryExecutorImpl.java:2421) ~[postgresql-42.7.8.jar:42.7.8]
	at org.postgresql.core.v3.QueryExecutorImpl.execute(QueryExecutorImpl.java:372) ~[postgresql-42.7.8.jar:42.7.8]
	at org.postgresql.jdbc.PgStatement.executeInternal(PgStatement.java:525) ~[postgresql-42.7.8.jar:42.7.8]
	at org.postgresql.jdbc.PgStatement.execute(PgStatement.java:435) ~[postgresql-42.7.8.jar:42.7.8]
	at org.postgresql.jdbc.PgPreparedStatement.executeWithFlags(PgPreparedStatement.java:196) ~[postgresql-42.7.8.jar:42.7.8]
	at org.postgresql.jdbc.PgPreparedStatement.executeUpdate(PgPreparedStatement.java:157) ~[postgresql-42.7.8.jar:42.7.8]
	at com.zaxxer.hikari.pool.ProxyPreparedStatement.executeUpdate(ProxyPreparedStatement.java:61) ~[HikariCP-6.3.3.jar:na]
	at com.zaxxer.hikari.pool.HikariProxyPreparedStatement.executeUpdate(HikariProxyPreparedStatement.java) ~[HikariCP-6.3.3.jar:na]
	at org.hibernate.engine.jdbc.internal.ResultSetReturnImpl.executeUpdate(ResultSetReturnImpl.java:194) ~[hibernate-core-6.6.33.Final.jar:6.6.33.Final]
	at org.hibernate.id.insert.GetGeneratedKeysDelegate.performMutation(GetGeneratedKeysDelegate.java:116) ~[hibernate-core-6.6.33.Final.jar:6.6.33.Final]
	at org.hibernate.engine.jdbc.mutation.internal.MutationExecutorSingleNonBatched.performNonBatchedOperations(MutationExecutorSingleNonBatched.java:47) ~[hibernate-core-6.6.33.Final.jar:6.6.33.Final]
	at org.hibernate.engine.jdbc.mutation.internal.AbstractMutationExecutor.execute(AbstractMutationExecutor.java:55) ~[hibernate-core-6.6.33.Final.jar:6.6.33.Final]
	at org.hibernate.persister.entity.mutation.InsertCoordinatorStandard.doStaticInserts(InsertCoordinatorStandard.java:194) ~[hibernate-core-6.6.33.Final.jar:6.6.33.Final]
	at org.hibernate.persister.entity.mutation.InsertCoordinatorStandard.coordinateInsert(InsertCoordinatorStandard.java:132) ~[hibernate-core-6.6.33.Final.jar:6.6.33.Final]
	at org.hibernate.persister.entity.mutation.InsertCoordinatorStandard.insert(InsertCoordinatorStandard.java:95) ~[hibernate-core-6.6.33.Final.jar:6.6.33.Final]
	at org.hibernate.action.internal.EntityIdentityInsertAction.execute(EntityIdentityInsertAction.java:85) ~[hibernate-core-6.6.33.Final.jar:6.6.33.Final]
	at org.hibernate.engine.spi.ActionQueue.execute(ActionQueue.java:682) ~[hibernate-core-6.6.33.Final.jar:6.6.33.Final]
	at org.hibernate.engine.spi.ActionQueue.addResolvedEntityInsertAction(ActionQueue.java:293) ~[hibernate-core-6.6.33.Final.jar:6.6.33.Final]
	at org.hibernate.engine.spi.ActionQueue.addInsertAction(ActionQueue.java:274) ~[hibernate-core-6.6.33.Final.jar:6.6.33.Final]
	at org.hibernate.engine.spi.ActionQueue.addAction(ActionQueue.java:324) ~[hibernate-core-6.6.33.Final.jar:6.6.33.Final]
	at org.hibernate.event.internal.AbstractSaveEventListener.addInsertAction(AbstractSaveEventListener.java:394) ~[hibernate-core-6.6.33.Final.jar:6.6.33.Final]
	at org.hibernate.event.internal.AbstractSaveEventListener.performSaveOrReplicate(AbstractSaveEventListener.java:308) ~[hibernate-core-6.6.33.Final.jar:6.6.33.Final]
	at org.hibernate.event.internal.AbstractSaveEventListener.performSave(AbstractSaveEventListener.java:224) ~[hibernate-core-6.6.33.Final.jar:6.6.33.Final]
	at org.hibernate.event.internal.AbstractSaveEventListener.saveWithGeneratedId(AbstractSaveEventListener.java:136) ~[hibernate-core-6.6.33.Final.jar:6.6.33.Final]
	at org.hibernate.event.internal.DefaultPersistEventListener.entityIsTransient(DefaultPersistEventListener.java:177) ~[hibernate-core-6.6.33.Final.jar:6.6.33.Final]
	at org.hibernate.event.internal.DefaultPersistEventListener.persist(DefaultPersistEventListener.java:95) ~[hibernate-core-6.6.33.Final.jar:6.6.33.Final]
	at org.hibernate.event.internal.DefaultPersistEventListener.onPersist(DefaultPersistEventListener.java:79) ~[hibernate-core-6.6.33.Final.jar:6.6.33.Final]
	at org.hibernate.event.internal.DefaultPersistEventListener.onPersist(DefaultPersistEventListener.java:55) ~[hibernate-core-6.6.33.Final.jar:6.6.33.Final]
	at org.hibernate.event.service.internal.EventListenerGroupImpl.fireEventOnEachListener(EventListenerGroupImpl.java:127) ~[hibernate-core-6.6.33.Final.jar:6.6.33.Final]
	at org.hibernate.internal.SessionImpl.firePersist(SessionImpl.java:761) ~[hibernate-core-6.6.33.Final.jar:6.6.33.Final]
	at org.hibernate.internal.SessionImpl.persist(SessionImpl.java:745) ~[hibernate-core-6.6.33.Final.jar:6.6.33.Final]
	at java.base/jdk.internal.reflect.DirectMethodHandleAccessor.invoke(DirectMethodHandleAccessor.java:104) ~[na:na]
	at java.base/java.lang.reflect.Method.invoke(Method.java:565) ~[na:na]
	at org.springframework.orm.jpa.ExtendedEntityManagerCreator$ExtendedEntityManagerInvocationHandler.invoke(ExtendedEntityManagerCreator.java:364) ~[spring-orm-6.2.12.jar:6.2.12]
	at jdk.proxy2/jdk.proxy2.$Proxy138.persist(Unknown Source) ~[na:na]
	at java.base/jdk.internal.reflect.DirectMethodHandleAccessor.invoke(DirectMethodHandleAccessor.java:104) ~[na:na]
	at java.base/java.lang.reflect.Method.invoke(Method.java:565) ~[na:na]
	at org.springframework.orm.jpa.SharedEntityManagerCreator$SharedEntityManagerInvocationHandler.invoke(SharedEntityManagerCreator.java:320) ~[spring-orm-6.2.12.jar:6.2.12]
	at jdk.proxy2/jdk.proxy2.$Proxy138.persist(Unknown Source) ~[na:na]
	at org.springframework.data.jpa.repository.support.SimpleJpaRepository.save(SimpleJpaRepository.java:654) ~[spring-data-jpa-3.5.5.jar:3.5.5]
	at java.base/jdk.internal.reflect.DirectMethodHandleAccessor.invoke(DirectMethodHandleAccessor.java:104) ~[na:na]
	at java.base/java.lang.reflect.Method.invoke(Method.java:565) ~[na:na]
	at org.springframework.aop.support.AopUtils.invokeJoinpointUsingReflection(AopUtils.java:360) ~[spring-aop-6.2.12.jar:6.2.12]
	at org.springframework.data.repository.core.support.RepositoryMethodInvoker$RepositoryFragmentMethodInvoker.lambda$new$0(RepositoryMethodInvoker.java:277) ~[spring-data-commons-3.5.5.jar:3.5.5]
	at org.springframework.data.repository.core.support.RepositoryMethodInvoker.doInvoke(RepositoryMethodInvoker.java:170) ~[spring-data-commons-3.5.5.jar:3.5.5]
	at org.springframework.data.repository.core.support.RepositoryMethodInvoker.invoke(RepositoryMethodInvoker.java:158) ~[spring-data-commons-3.5.5.jar:3.5.5]
	at org.springframework.data.repository.core.support.RepositoryComposition$RepositoryFragments.invoke(RepositoryComposition.java:515) ~[spring-data-commons-3.5.5.jar:3.5.5]
	at org.springframework.data.repository.core.support.RepositoryComposition.invoke(RepositoryComposition.java:284) ~[spring-data-commons-3.5.5.jar:3.5.5]
	at org.springframework.data.repository.core.support.RepositoryFactorySupport$ImplementationMethodExecutionInterceptor.invoke(RepositoryFactorySupport.java:734) ~[spring-data-commons-3.5.5.jar:3.5.5]
	at org.springframework.aop.framework.ReflectiveMethodInvocation.proceed(ReflectiveMethodInvocation.java:184) ~[spring-aop-6.2.12.jar:6.2.12]
	at org.springframework.data.repository.core.support.QueryExecutorMethodInterceptor.doInvoke(QueryExecutorMethodInterceptor.java:174) ~[spring-data-commons-3.5.5.jar:3.5.5]
	at org.springframework.data.repository.core.support.QueryExecutorMethodInterceptor.invoke(QueryExecutorMethodInterceptor.java:149) ~[spring-data-commons-3.5.5.jar:3.5.5]
	at org.springframework.aop.framework.ReflectiveMethodInvocation.proceed(ReflectiveMethodInvocation.java:184) ~[spring-aop-6.2.12.jar:6.2.12]
	at org.springframework.data.projection.DefaultMethodInvokingMethodInterceptor.invoke(DefaultMethodInvokingMethodInterceptor.java:69) ~[spring-data-commons-3.5.5.jar:3.5.5]
	at org.springframework.aop.framework.ReflectiveMethodInvocation.proceed(ReflectiveMethodInvocation.java:184) ~[spring-aop-6.2.12.jar:6.2.12]
	at org.springframework.transaction.interceptor.TransactionAspectSupport.invokeWithinTransaction(TransactionAspectSupport.java:380) ~[spring-tx-6.2.12.jar:6.2.12]
	at org.springframework.transaction.interceptor.TransactionInterceptor.invoke(TransactionInterceptor.java:119) ~[spring-tx-6.2.12.jar:6.2.12]
	at org.springframework.aop.framework.ReflectiveMethodInvocation.proceed(ReflectiveMethodInvocation.java:184) ~[spring-aop-6.2.12.jar:6.2.12]
	at org.springframework.dao.support.PersistenceExceptionTranslationInterceptor.invoke(PersistenceExceptionTranslationInterceptor.java:138) ~[spring-tx-6.2.12.jar:6.2.12]
	at org.springframework.aop.framework.ReflectiveMethodInvocation.proceed(ReflectiveMethodInvocation.java:184) ~[spring-aop-6.2.12.jar:6.2.12]
	at org.springframework.data.jpa.repository.support.CrudMethodMetadataPostProcessor$CrudMethodMetadataPopulatingMethodInterceptor.invoke(CrudMethodMetadataPostProcessor.java:165) ~[spring-data-jpa-3.5.5.jar:3.5.5]
	at org.springframework.aop.framework.ReflectiveMethodInvocation.proceed(ReflectiveMethodInvocation.java:184) ~[spring-aop-6.2.12.jar:6.2.12]
	at org.springframework.aop.framework.JdkDynamicAopProxy.invoke(JdkDynamicAopProxy.java:223) ~[spring-aop-6.2.12.jar:6.2.12]
	at jdk.proxy2/jdk.proxy2.$Proxy143.save(Unknown Source) ~[na:na]
	at com.qmovi.almoxarifado.service.ProdutoService.registrarMovimentacao(ProdutoService.java:226) ~[classes/:na]
	at com.qmovi.almoxarifado.service.ProdutoService.criar(ProdutoService.java:64) ~[classes/:na]
	at java.base/jdk.internal.reflect.DirectMethodHandleAccessor.invoke(DirectMethodHandleAccessor.java:104) ~[na:na]
	at java.base/java.lang.reflect.Method.invoke(Method.java:565) ~[na:na]
	at org.springframework.aop.support.AopUtils.invokeJoinpointUsingReflection(AopUtils.java:360) ~[spring-aop-6.2.12.jar:6.2.12]
	at org.springframework.aop.framework.ReflectiveMethodInvocation.invokeJoinpoint(ReflectiveMethodInvocation.java:196) ~[spring-aop-6.2.12.jar:6.2.12]
	at org.springframework.aop.framework.ReflectiveMethodInvocation.proceed(ReflectiveMethodInvocation.java:163) ~[spring-aop-6.2.12.jar:6.2.12]
	at org.springframework.transaction.interceptor.TransactionAspectSupport.invokeWithinTransaction(TransactionAspectSupport.java:380) ~[spring-tx-6.2.12.jar:6.2.12]
	at org.springframework.transaction.interceptor.TransactionInterceptor.invoke(TransactionInterceptor.java:119) ~[spring-tx-6.2.12.jar:6.2.12]
	at org.springframework.aop.framework.ReflectiveMethodInvocation.proceed(ReflectiveMethodInvocation.java:184) ~[spring-aop-6.2.12.jar:6.2.12]
	at org.springframework.aop.framework.CglibAopProxy$DynamicAdvisedInterceptor.intercept(CglibAopProxy.java:728) ~[spring-aop-6.2.12.jar:6.2.12]
	at com.qmovi.almoxarifado.service.ProdutoService$$SpringCGLIB$$0.criar(<generated>) ~[classes/:na]
	at com.qmovi.almoxarifado.controller.ProdutoController.criar(ProdutoController.java:36) ~[classes/:na]
	at java.base/jdk.internal.reflect.DirectMethodHandleAccessor.invoke(DirectMethodHandleAccessor.java:104) ~[na:na]
	at java.base/java.lang.reflect.Method.invoke(Method.java:565) ~[na:na]
	at org.springframework.web.method.support.InvocableHandlerMethod.doInvoke(InvocableHandlerMethod.java:258) ~[spring-web-6.2.12.jar:6.2.12]
	at org.springframework.web.method.support.InvocableHandlerMethod.invokeForRequest(InvocableHandlerMethod.java:191) ~[spring-web-6.2.12.jar:6.2.12]
	at org.springframework.web.servlet.mvc.method.annotation.ServletInvocableHandlerMethod.invokeAndHandle(ServletInvocableHandlerMethod.java:118) ~[spring-webmvc-6.2.12.jar:6.2.12]
	at org.springframework.web.servlet.mvc.method.annotation.RequestMappingHandlerAdapter.invokeHandlerMethod(RequestMappingHandlerAdapter.java:991) ~[spring-webmvc-6.2.12.jar:6.2.12]
	at org.springframework.web.servlet.mvc.method.annotation.RequestMappingHandlerAdapter.handleInternal(RequestMappingHandlerAdapter.java:896) ~[spring-webmvc-6.2.12.jar:6.2.12]
	at org.springframework.web.servlet.mvc.method.AbstractHandlerMethodAdapter.handle(AbstractHandlerMethodAdapter.java:87) ~[spring-webmvc-6.2.12.jar:6.2.12]
	at org.springframework.web.servlet.DispatcherServlet.doDispatch(DispatcherServlet.java:1089) ~[spring-webmvc-6.2.12.jar:6.2.12]
	at org.springframework.web.servlet.DispatcherServlet.doService(DispatcherServlet.java:979) ~[spring-webmvc-6.2.12.jar:6.2.12]
	at org.springframework.web.servlet.FrameworkServlet.processRequest(FrameworkServlet.java:1014) ~[spring-webmvc-6.2.12.jar:6.2.12]
	at org.springframework.web.servlet.FrameworkServlet.doPost(FrameworkServlet.java:914) ~[spring-webmvc-6.2.12.jar:6.2.12]
	at jakarta.servlet.http.HttpServlet.service(HttpServlet.java:590) ~[tomcat-embed-core-10.1.48.jar:6.0]
	at org.springframework.web.servlet.FrameworkServlet.service(FrameworkServlet.java:885) ~[spring-webmvc-6.2.12.jar:6.2.12]
	at jakarta.servlet.http.HttpServlet.service(HttpServlet.java:658) ~[tomcat-embed-core-10.1.48.jar:6.0]
	at org.apache.catalina.core.ApplicationFilterChain.internalDoFilter(ApplicationFilterChain.java:193) ~[tomcat-embed-core-10.1.48.jar:10.1.48]
	at org.apache.catalina.core.ApplicationFilterChain.doFilter(ApplicationFilterChain.java:138) ~[tomcat-embed-core-10.1.48.jar:10.1.48]
	at org.apache.tomcat.websocket.server.WsFilter.doFilter(WsFilter.java:51) ~[tomcat-embed-websocket-10.1.48.jar:10.1.48]
	at org.apache.catalina.core.ApplicationFilterChain.internalDoFilter(ApplicationFilterChain.java:162) ~[tomcat-embed-core-10.1.48.jar:10.1.48]
	at org.apache.catalina.core.ApplicationFilterChain.doFilter(ApplicationFilterChain.java:138) ~[tomcat-embed-core-10.1.48.jar:10.1.48]
	at org.springframework.web.filter.RequestContextFilter.doFilterInternal(RequestContextFilter.java:100) ~[spring-web-6.2.12.jar:6.2.12]
	at org.springframework.web.filter.OncePerRequestFilter.doFilter(OncePerRequestFilter.java:116) ~[spring-web-6.2.12.jar:6.2.12]
	at org.apache.catalina.core.ApplicationFilterChain.internalDoFilter(ApplicationFilterChain.java:162) ~[tomcat-embed-core-10.1.48.jar:10.1.48]
	at org.apache.catalina.core.ApplicationFilterChain.doFilter(ApplicationFilterChain.java:138) ~[tomcat-embed-core-10.1.48.jar:10.1.48]
	at org.springframework.web.filter.FormContentFilter.doFilterInternal(FormContentFilter.java:93) ~[spring-web-6.2.12.jar:6.2.12]
	at org.springframework.web.filter.OncePerRequestFilter.doFilter(OncePerRequestFilter.java:116) ~[spring-web-6.2.12.jar:6.2.12]
	at org.apache.catalina.core.ApplicationFilterChain.internalDoFilter(ApplicationFilterChain.java:162) ~[tomcat-embed-core-10.1.48.jar:10.1.48]
	at org.apache.catalina.core.ApplicationFilterChain.doFilter(ApplicationFilterChain.java:138) ~[tomcat-embed-core-10.1.48.jar:10.1.48]
	at org.springframework.web.filter.CharacterEncodingFilter.doFilterInternal(CharacterEncodingFilter.java:201) ~[spring-web-6.2.12.jar:6.2.12]
	at org.springframework.web.filter.OncePerRequestFilter.doFilter(OncePerRequestFilter.java:116) ~[spring-web-6.2.12.jar:6.2.12]
	at org.apache.catalina.core.ApplicationFilterChain.internalDoFilter(ApplicationFilterChain.java:162) ~[tomcat-embed-core-10.1.48.jar:10.1.48]
	at org.apache.catalina.core.ApplicationFilterChain.doFilter(ApplicationFilterChain.java:138) ~[tomcat-embed-core-10.1.48.jar:10.1.48]
	at org.apache.catalina.core.StandardWrapperValve.invoke(StandardWrapperValve.java:165) ~[tomcat-embed-core-10.1.48.jar:10.1.48]
	at org.apache.catalina.core.StandardContextValve.invoke(StandardContextValve.java:88) ~[tomcat-embed-core-10.1.48.jar:10.1.48]
	at org.apache.catalina.authenticator.AuthenticatorBase.invoke(AuthenticatorBase.java:482) ~[tomcat-embed-core-10.1.48.jar:10.1.48]
	at org.apache.catalina.core.StandardHostValve.invoke(StandardHostValve.java:113) ~[tomcat-embed-core-10.1.48.jar:10.1.48]
	at org.apache.catalina.valves.ErrorReportValve.invoke(ErrorReportValve.java:83) ~[tomcat-embed-core-10.1.48.jar:10.1.48]
	at org.apache.catalina.core.StandardEngineValve.invoke(StandardEngineValve.java:72) ~[tomcat-embed-core-10.1.48.jar:10.1.48]
	at org.apache.catalina.connector.CoyoteAdapter.service(CoyoteAdapter.java:342) ~[tomcat-embed-core-10.1.48.jar:10.1.48]
	at org.apache.coyote.http11.Http11Processor.service(Http11Processor.java:399) ~[tomcat-embed-core-10.1.48.jar:10.1.48]
	at org.apache.coyote.AbstractProcessorLight.process(AbstractProcessorLight.java:63) ~[tomcat-embed-core-10.1.48.jar:10.1.48]
	at org.apache.coyote.AbstractProtocol$ConnectionHandler.process(AbstractProtocol.java:903) ~[tomcat-embed-core-10.1.48.jar:10.1.48]
	at org.apache.tomcat.util.net.NioEndpoint$SocketProcessor.doRun(NioEndpoint.java:1774) ~[tomcat-embed-core-10.1.48.jar:10.1.48]
	at org.apache.tomcat.util.net.SocketProcessorBase.run(SocketProcessorBase.java:52) ~[tomcat-embed-core-10.1.48.jar:10.1.48]
	at org.apache.tomcat.util.threads.ThreadPoolExecutor.runWorker(ThreadPoolExecutor.java:973) ~[tomcat-embed-core-10.1.48.jar:10.1.48]
	at org.apache.tomcat.util.threads.ThreadPoolExecutor$Worker.run(ThreadPoolExecutor.java:491) ~[tomcat-embed-core-10.1.48.jar:10.1.48]
	at org.apache.tomcat.util.threads.TaskThread$WrappingRunnable.run(TaskThread.java:63) ~[tomcat-embed-core-10.1.48.jar:10.1.48]
	at java.base/java.lang.Thread.run(Thread.java:1447) ~[na:na]

2025-11-20T10:23:17.713-03:00  INFO 29496 --- [SpringApplicationShutdownHook] o.s.b.w.e.tomcat.GracefulShutdown        : Commencing graceful shutdown. Waiting for active requests to complete
2025-11-20T10:23:17.721-03:00  INFO 29496 --- [tomcat-shutdown] o.s.b.w.e.tomcat.GracefulShutdown        : Graceful shutdown complete
2025-11-20T10:23:17.725-03:00  INFO 29496 --- [SpringApplicationShutdownHook] j.LocalContainerEntityManagerFactoryBean : Closing JPA EntityManagerFactory for persistence unit 'default'
2025-11-20T10:23:17.727-03:00  INFO 29496 --- [SpringApplicationShutdownHook] com.zaxxer.hikari.HikariDataSource       : HikariPool-1 - Shutdown initiated...
2025-11-20T10:23:17.737-03:00  INFO 29496 --- [SpringApplicationShutdownHook] com.zaxxer.hikari.HikariDataSource       : HikariPool-1 - Shutdown completed.
2025-11-20T10:23:24.217-03:00  INFO 18460 --- [main] c.q.a.AlmoxarifadoApplication            : Starting AlmoxarifadoApplication using Java 24.0.1 with PID 18460 (C:\Users\mfsco\Documents\Aratech Sistemas\Clientes\qmovi\almoxarifado\almoxarifado\target\classes started by mfsco in C:\Users\mfsco\Documents\Aratech Sistemas\Clientes\qmovi\almoxarifado)
2025-11-20T10:23:24.223-03:00  INFO 18460 --- [main] c.q.a.AlmoxarifadoApplication            : No active profile set, falling back to 1 default profile: "default"
2025-11-20T10:23:26.430-03:00  INFO 18460 --- [main] .s.d.r.c.RepositoryConfigurationDelegate : Bootstrapping Spring Data JPA repositories in DEFAULT mode.
2025-11-20T10:23:26.550-03:00  INFO 18460 --- [main] .s.d.r.c.RepositoryConfigurationDelegate : Finished Spring Data repository scanning in 96 ms. Found 2 JPA repository interfaces.
2025-11-20T10:23:27.853-03:00  INFO 18460 --- [main] o.s.b.w.embedded.tomcat.TomcatWebServer  : Tomcat initialized with port 8080 (http)
2025-11-20T10:23:27.895-03:00  INFO 18460 --- [main] o.apache.catalina.core.StandardService   : Starting service [Tomcat]
2025-11-20T10:23:27.896-03:00  INFO 18460 --- [main] o.apache.catalina.core.StandardEngine    : Starting Servlet engine: [Apache Tomcat/10.1.48]
2025-11-20T10:23:28.085-03:00  INFO 18460 --- [main] o.a.c.c.C.[Tomcat].[localhost].[/]       : Initializing Spring embedded WebApplicationContext
2025-11-20T10:23:28.085-03:00  INFO 18460 --- [main] w.s.c.ServletWebServerApplicationContext : Root WebApplicationContext: initialization completed in 3759 ms
2025-11-20T10:23:28.895-03:00  INFO 18460 --- [main] com.zaxxer.hikari.HikariDataSource       : HikariPool-1 - Starting...
2025-11-20T10:23:29.344-03:00  INFO 18460 --- [main] com.zaxxer.hikari.pool.HikariPool        : HikariPool-1 - Added connection org.postgresql.jdbc.PgConnection@17fbfb02
2025-11-20T10:23:29.347-03:00  INFO 18460 --- [main] com.zaxxer.hikari.HikariDataSource       : HikariPool-1 - Start completed.
2025-11-20T10:23:29.386-03:00  INFO 18460 --- [main] org.flywaydb.core.FlywayExecutor         : Database: jdbc:postgresql://localhost:5433/qmovi?sslmode=disable (PostgreSQL 16.10)
2025-11-20T10:23:29.576-03:00  INFO 18460 --- [main] o.f.core.internal.command.DbValidate     : Successfully validated 2 migrations (execution time 00:00.081s)
2025-11-20T10:23:29.641-03:00  INFO 18460 --- [main] o.f.core.internal.command.DbMigrate      : Current version of schema "public": 2
2025-11-20T10:23:29.655-03:00  INFO 18460 --- [main] o.f.core.internal.command.DbMigrate      : Schema "public" is up to date. No migration necessary.
2025-11-20T10:23:29.995-03:00  INFO 18460 --- [main] o.hibernate.jpa.internal.util.LogHelper  : HHH000204: Processing PersistenceUnitInfo [name: default]
2025-11-20T10:23:30.214-03:00  INFO 18460 --- [main] org.hibernate.Version                    : HHH000412: Hibernate ORM core version 6.6.33.Final
2025-11-20T10:23:30.305-03:00  INFO 18460 --- [main] o.h.c.internal.RegionFactoryInitiator    : HHH000026: Second-level cache disabled
2025-11-20T10:23:30.829-03:00  INFO 18460 --- [main] o.s.o.j.p.SpringPersistenceUnitInfo      : No LoadTimeWeaver setup: ignoring JPA class transformer
2025-11-20T10:23:30.951-03:00  INFO 18460 --- [main] org.hibernate.orm.connections.pooling    : HHH10001005: Database info:
	Database JDBC URL [Connecting through datasource 'HikariDataSource (HikariPool-1)']
	Database driver: undefined/unknown
	Database version: 16.10
	Autocommit mode: undefined/unknown
	Isolation level: undefined/unknown
	Minimum pool size: undefined/unknown
	Maximum pool size: undefined/unknown
2025-11-20T10:23:32.637-03:00  INFO 18460 --- [main] o.h.e.t.j.p.i.JtaPlatformInitiator       : HHH000489: No JTA platform available (set 'hibernate.transaction.jta.platform' to enable JTA platform integration)
2025-11-20T10:23:32.708-03:00  INFO 18460 --- [main] j.LocalContainerEntityManagerFactoryBean : Initialized JPA EntityManagerFactory for persistence unit 'default'
2025-11-20T10:23:34.224-03:00  WARN 18460 --- [main] JpaBaseConfiguration$JpaWebConfiguration : spring.jpa.open-in-view is enabled by default. Therefore, database queries may be performed during view rendering. Explicitly configure spring.jpa.open-in-view to disable this warning
2025-11-20T10:23:35.591-03:00  INFO 18460 --- [main] o.s.b.w.embedded.tomcat.TomcatWebServer  : Tomcat started on port 8080 (http) with context path '/'
2025-11-20T10:23:35.652-03:00  INFO 18460 --- [main] c.q.a.AlmoxarifadoApplication            : Started AlmoxarifadoApplication in 13.155 seconds (process running for 14.997)
2025-11-20T10:23:35.663-03:00  WARN 18460 --- [main] o.s.core.events.SpringDocAppInitializer  : SpringDoc /v3/api-docs endpoint is enabled by default. To disable it in production, set the property 'springdoc.api-docs.enabled=false'
2025-11-20T10:23:35.664-03:00  WARN 18460 --- [main] o.s.core.events.SpringDocAppInitializer  : SpringDoc /swagger-ui.html endpoint is enabled by default. To disable it in production, set the property 'springdoc.swagger-ui.enabled=false'
2025-11-20T10:23:45.359-03:00  INFO 18460 --- [http-nio-8080-exec-3] o.a.c.c.C.[Tomcat].[localhost].[/]       : Initializing Spring DispatcherServlet 'dispatcherServlet'
2025-11-20T10:23:45.361-03:00  INFO 18460 --- [http-nio-8080-exec-3] o.s.web.servlet.DispatcherServlet        : Initializing Servlet 'dispatcherServlet'
2025-11-20T10:23:45.362-03:00  INFO 18460 --- [http-nio-8080-exec-3] o.s.web.servlet.DispatcherServlet        : Completed initialization in 1 ms
2025-11-20T10:27:19.518-03:00  WARN 18460 --- [HikariPool-1:housekeeper] com.zaxxer.hikari.pool.HikariPool        : HikariPool-1 - Thread starvation or clock leap detected (housekeeper delta=3m16s596ms801µs700ns).
2025-11-20T10:27:19.569-03:00  INFO 18460 --- [SpringApplicationShutdownHook] o.s.b.w.e.tomcat.GracefulShutdown        : Commencing graceful shutdown. Waiting for active requests to complete
2025-11-20T10:27:20.222-03:00  WARN 18460 --- [http-nio-8080-exec-3] o.h.engine.jdbc.spi.SqlExceptionHelper   : SQL Error: 0, SQLState: 23502
2025-11-20T10:27:20.223-03:00 ERROR 18460 --- [http-nio-8080-exec-3] o.h.engine.jdbc.spi.SqlExceptionHelper   : ERROR: null value in column "autorizado_gestor" of relation "movimentacao_estoque" violates not-null constraint
  Detalhe: Failing row contains (6, 29, ENTRADA, 100, 0, 100, null, João Conferente, Entrada de estoque via cadastro de produto, 2025-11-20 10:27:20.163458).
2025-11-20T10:27:20.289-03:00  INFO 18460 --- [tomcat-shutdown] o.s.b.w.e.tomcat.GracefulShutdown        : Graceful shutdown complete
2025-11-20T10:27:20.329-03:00  INFO 18460 --- [SpringApplicationShutdownHook] j.LocalContainerEntityManagerFactoryBean : Closing JPA EntityManagerFactory for persistence unit 'default'
2025-11-20T10:27:20.332-03:00  INFO 18460 --- [SpringApplicationShutdownHook] com.zaxxer.hikari.HikariDataSource       : HikariPool-1 - Shutdown initiated...
2025-11-20T10:27:20.340-03:00  INFO 18460 --- [SpringApplicationShutdownHook] com.zaxxer.hikari.HikariDataSource       : HikariPool-1 - Shutdown completed.
2025-11-20T10:27:28.072-03:00  INFO 6264 --- [main] c.q.a.AlmoxarifadoApplication            : Starting AlmoxarifadoApplication using Java 24.0.1 with PID 6264 (C:\Users\mfsco\Documents\Aratech Sistemas\Clientes\qmovi\almoxarifado\almoxarifado\target\classes started by mfsco in C:\Users\mfsco\Documents\Aratech Sistemas\Clientes\qmovi\almoxarifado)
2025-11-20T10:27:28.075-03:00  INFO 6264 --- [main] c.q.a.AlmoxarifadoApplication            : No active profile set, falling back to 1 default profile: "default"
2025-11-20T10:27:29.933-03:00  INFO 6264 --- [main] .s.d.r.c.RepositoryConfigurationDelegate : Bootstrapping Spring Data JPA repositories in DEFAULT mode.
2025-11-20T10:27:30.054-03:00  INFO 6264 --- [main] .s.d.r.c.RepositoryConfigurationDelegate : Finished Spring Data repository scanning in 98 ms. Found 2 JPA repository interfaces.
2025-11-20T10:27:31.113-03:00  INFO 6264 --- [main] o.s.b.w.embedded.tomcat.TomcatWebServer  : Tomcat initialized with port 8080 (http)
2025-11-20T10:27:31.138-03:00  INFO 6264 --- [main] o.apache.catalina.core.StandardService   : Starting service [Tomcat]
2025-11-20T10:27:31.139-03:00  INFO 6264 --- [main] o.apache.catalina.core.StandardEngine    : Starting Servlet engine: [Apache Tomcat/10.1.48]
2025-11-20T10:27:31.240-03:00  INFO 6264 --- [main] o.a.c.c.C.[Tomcat].[localhost].[/]       : Initializing Spring embedded WebApplicationContext
2025-11-20T10:27:31.241-03:00  INFO 6264 --- [main] w.s.c.ServletWebServerApplicationContext : Root WebApplicationContext: initialization completed in 3059 ms
2025-11-20T10:27:31.747-03:00  INFO 6264 --- [main] com.zaxxer.hikari.HikariDataSource       : HikariPool-1 - Starting...
2025-11-20T10:27:32.016-03:00  INFO 6264 --- [main] com.zaxxer.hikari.pool.HikariPool        : HikariPool-1 - Added connection org.postgresql.jdbc.PgConnection@443a06ad
2025-11-20T10:27:32.018-03:00  INFO 6264 --- [main] com.zaxxer.hikari.HikariDataSource       : HikariPool-1 - Start completed.
2025-11-20T10:27:32.049-03:00  INFO 6264 --- [main] org.flywaydb.core.FlywayExecutor         : Database: jdbc:postgresql://localhost:5433/qmovi?sslmode=disable (PostgreSQL 16.10)
2025-11-20T10:27:32.177-03:00  INFO 6264 --- [main] o.f.core.internal.command.DbValidate     : Successfully validated 2 migrations (execution time 00:00.049s)
2025-11-20T10:27:32.228-03:00  INFO 6264 --- [main] o.f.core.internal.command.DbMigrate      : Current version of schema "public": 2
2025-11-20T10:27:32.240-03:00  INFO 6264 --- [main] o.f.core.internal.command.DbMigrate      : Schema "public" is up to date. No migration necessary.
2025-11-20T10:27:32.419-03:00  INFO 6264 --- [main] o.hibernate.jpa.internal.util.LogHelper  : HHH000204: Processing PersistenceUnitInfo [name: default]
2025-11-20T10:27:32.492-03:00  INFO 6264 --- [main] org.hibernate.Version                    : HHH000412: Hibernate ORM core version 6.6.33.Final
2025-11-20T10:27:32.537-03:00  INFO 6264 --- [main] o.h.c.internal.RegionFactoryInitiator    : HHH000026: Second-level cache disabled
2025-11-20T10:27:32.862-03:00  INFO 6264 --- [main] o.s.o.j.p.SpringPersistenceUnitInfo      : No LoadTimeWeaver setup: ignoring JPA class transformer
2025-11-20T10:27:32.949-03:00  INFO 6264 --- [main] org.hibernate.orm.connections.pooling    : HHH10001005: Database info:
	Database JDBC URL [Connecting through datasource 'HikariDataSource (HikariPool-1)']
	Database driver: undefined/unknown
	Database version: 16.10
	Autocommit mode: undefined/unknown
	Isolation level: undefined/unknown
	Minimum pool size: undefined/unknown
	Maximum pool size: undefined/unknown
2025-11-20T10:27:33.933-03:00  INFO 6264 --- [main] o.h.e.t.j.p.i.JtaPlatformInitiator       : HHH000489: No JTA platform available (set 'hibernate.transaction.jta.platform' to enable JTA platform integration)
2025-11-20T10:27:33.977-03:00  INFO 6264 --- [main] j.LocalContainerEntityManagerFactoryBean : Initialized JPA EntityManagerFactory for persistence unit 'default'
2025-11-20T10:27:34.749-03:00  WARN 6264 --- [main] JpaBaseConfiguration$JpaWebConfiguration : spring.jpa.open-in-view is enabled by default. Therefore, database queries may be performed during view rendering. Explicitly configure spring.jpa.open-in-view to disable this warning
2025-11-20T10:27:35.533-03:00  INFO 6264 --- [main] o.s.b.w.embedded.tomcat.TomcatWebServer  : Tomcat started on port 8080 (http) with context path '/'
2025-11-20T10:27:35.554-03:00  INFO 6264 --- [main] c.q.a.AlmoxarifadoApplication            : Started AlmoxarifadoApplication in 8.648 seconds (process running for 9.457)
2025-11-20T10:27:35.559-03:00  WARN 6264 --- [main] o.s.core.events.SpringDocAppInitializer  : SpringDoc /v3/api-docs endpoint is enabled by default. To disable it in production, set the property 'springdoc.api-docs.enabled=false'
2025-11-20T10:27:35.560-03:00  WARN 6264 --- [main] o.s.core.events.SpringDocAppInitializer  : SpringDoc /swagger-ui.html endpoint is enabled by default. To disable it in production, set the property 'springdoc.swagger-ui.enabled=false'
2025-11-20T10:27:44.026-03:00  INFO 6264 --- [http-nio-8080-exec-1] o.a.c.c.C.[Tomcat].[localhost].[/]       : Initializing Spring DispatcherServlet 'dispatcherServlet'
2025-11-20T10:27:44.027-03:00  INFO 6264 --- [http-nio-8080-exec-1] o.s.web.servlet.DispatcherServlet        : Initializing Servlet 'dispatcherServlet'
2025-11-20T10:27:44.031-03:00  INFO 6264 --- [http-nio-8080-exec-1] o.s.web.servlet.DispatcherServlet        : Completed initialization in 3 ms
2025-11-20T10:27:44.774-03:00  WARN 6264 --- [http-nio-8080-exec-1] o.h.engine.jdbc.spi.SqlExceptionHelper   : SQL Error: 0, SQLState: 23502
2025-11-20T10:27:44.774-03:00 ERROR 6264 --- [http-nio-8080-exec-1] o.h.engine.jdbc.spi.SqlExceptionHelper   : ERROR: null value in column "autorizado_gestor" of relation "movimentacao_estoque" violates not-null constraint
  Detalhe: Failing row contains (7, 30, ENTRADA, 100, 0, 100, null, João Conferente, Entrada de estoque via cadastro de produto, 2025-11-20 10:27:44.751377).
2025-11-20T10:27:44.796-03:00 ERROR 6264 --- [http-nio-8080-exec-1] o.a.c.c.C.[.[.[/].[dispatcherServlet]    : Servlet.service() for servlet [dispatcherServlet] in context with path [] threw exception [Request processing failed: org.springframework.dao.DataIntegrityViolationException: could not execute statement [ERROR: null value in column "autorizado_gestor" of relation "movimentacao_estoque" violates not-null constraint
  Detalhe: Failing row contains (7, 30, ENTRADA, 100, 0, 100, null, João Conferente, Entrada de estoque via cadastro de produto, 2025-11-20 10:27:44.751377).] [insert into movimentacao_estoque (autorizado_gestor,conferente,criado_em,observacao,produto_id,quantidade,saldo_anterior,saldo_atual,tipo_movimentacao) values (?,?,?,?,?,?,?,?,?)]; SQL [insert into movimentacao_estoque (autorizado_gestor,conferente,criado_em,observacao,produto_id,quantidade,saldo_anterior,saldo_atual,tipo_movimentacao) values (?,?,?,?,?,?,?,?,?)]; constraint [autorizado_gestor" of relation "movimentacao_estoque]] with root cause

org.postgresql.util.PSQLException: ERROR: null value in column "autorizado_gestor" of relation "movimentacao_estoque" violates not-null constraint
  Detalhe: Failing row contains (7, 30, ENTRADA, 100, 0, 100, null, João Conferente, Entrada de estoque via cadastro de produto, 2025-11-20 10:27:44.751377).
	at org.postgresql.core.v3.QueryExecutorImpl.receiveErrorResponse(QueryExecutorImpl.java:2736) ~[postgresql-42.7.8.jar:42.7.8]
	at org.postgresql.core.v3.QueryExecutorImpl.processResults(QueryExecutorImpl.java:2421) ~[postgresql-42.7.8.jar:42.7.8]
	at org.postgresql.core.v3.QueryExecutorImpl.execute(QueryExecutorImpl.java:372) ~[postgresql-42.7.8.jar:42.7.8]
	at org.postgresql.jdbc.PgStatement.executeInternal(PgStatement.java:525) ~[postgresql-42.7.8.jar:42.7.8]
	at org.postgresql.jdbc.PgStatement.execute(PgStatement.java:435) ~[postgresql-42.7.8.jar:42.7.8]
	at org.postgresql.jdbc.PgPreparedStatement.executeWithFlags(PgPreparedStatement.java:196) ~[postgresql-42.7.8.jar:42.7.8]
	at org.postgresql.jdbc.PgPreparedStatement.executeUpdate(PgPreparedStatement.java:157) ~[postgresql-42.7.8.jar:42.7.8]
	at com.zaxxer.hikari.pool.ProxyPreparedStatement.executeUpdate(ProxyPreparedStatement.java:61) ~[HikariCP-6.3.3.jar:na]
	at com.zaxxer.hikari.pool.HikariProxyPreparedStatement.executeUpdate(HikariProxyPreparedStatement.java) ~[HikariCP-6.3.3.jar:na]
	at org.hibernate.engine.jdbc.internal.ResultSetReturnImpl.executeUpdate(ResultSetReturnImpl.java:194) ~[hibernate-core-6.6.33.Final.jar:6.6.33.Final]
	at org.hibernate.id.insert.GetGeneratedKeysDelegate.performMutation(GetGeneratedKeysDelegate.java:116) ~[hibernate-core-6.6.33.Final.jar:6.6.33.Final]
	at org.hibernate.engine.jdbc.mutation.internal.MutationExecutorSingleNonBatched.performNonBatchedOperations(MutationExecutorSingleNonBatched.java:47) ~[hibernate-core-6.6.33.Final.jar:6.6.33.Final]
	at org.hibernate.engine.jdbc.mutation.internal.AbstractMutationExecutor.execute(AbstractMutationExecutor.java:55) ~[hibernate-core-6.6.33.Final.jar:6.6.33.Final]
	at org.hibernate.persister.entity.mutation.InsertCoordinatorStandard.doStaticInserts(InsertCoordinatorStandard.java:194) ~[hibernate-core-6.6.33.Final.jar:6.6.33.Final]
	at org.hibernate.persister.entity.mutation.InsertCoordinatorStandard.coordinateInsert(InsertCoordinatorStandard.java:132) ~[hibernate-core-6.6.33.Final.jar:6.6.33.Final]
	at org.hibernate.persister.entity.mutation.InsertCoordinatorStandard.insert(InsertCoordinatorStandard.java:95) ~[hibernate-core-6.6.33.Final.jar:6.6.33.Final]
	at org.hibernate.action.internal.EntityIdentityInsertAction.execute(EntityIdentityInsertAction.java:85) ~[hibernate-core-6.6.33.Final.jar:6.6.33.Final]
	at org.hibernate.engine.spi.ActionQueue.execute(ActionQueue.java:682) ~[hibernate-core-6.6.33.Final.jar:6.6.33.Final]
	at org.hibernate.engine.spi.ActionQueue.addResolvedEntityInsertAction(ActionQueue.java:293) ~[hibernate-core-6.6.33.Final.jar:6.6.33.Final]
	at org.hibernate.engine.spi.ActionQueue.addInsertAction(ActionQueue.java:274) ~[hibernate-core-6.6.33.Final.jar:6.6.33.Final]
	at org.hibernate.engine.spi.ActionQueue.addAction(ActionQueue.java:324) ~[hibernate-core-6.6.33.Final.jar:6.6.33.Final]
	at org.hibernate.event.internal.AbstractSaveEventListener.addInsertAction(AbstractSaveEventListener.java:394) ~[hibernate-core-6.6.33.Final.jar:6.6.33.Final]
	at org.hibernate.event.internal.AbstractSaveEventListener.performSaveOrReplicate(AbstractSaveEventListener.java:308) ~[hibernate-core-6.6.33.Final.jar:6.6.33.Final]
	at org.hibernate.event.internal.AbstractSaveEventListener.performSave(AbstractSaveEventListener.java:224) ~[hibernate-core-6.6.33.Final.jar:6.6.33.Final]
	at org.hibernate.event.internal.AbstractSaveEventListener.saveWithGeneratedId(AbstractSaveEventListener.java:136) ~[hibernate-core-6.6.33.Final.jar:6.6.33.Final]
	at org.hibernate.event.internal.DefaultPersistEventListener.entityIsTransient(DefaultPersistEventListener.java:177) ~[hibernate-core-6.6.33.Final.jar:6.6.33.Final]
	at org.hibernate.event.internal.DefaultPersistEventListener.persist(DefaultPersistEventListener.java:95) ~[hibernate-core-6.6.33.Final.jar:6.6.33.Final]
	at org.hibernate.event.internal.DefaultPersistEventListener.onPersist(DefaultPersistEventListener.java:79) ~[hibernate-core-6.6.33.Final.jar:6.6.33.Final]
	at org.hibernate.event.internal.DefaultPersistEventListener.onPersist(DefaultPersistEventListener.java:55) ~[hibernate-core-6.6.33.Final.jar:6.6.33.Final]
	at org.hibernate.event.service.internal.EventListenerGroupImpl.fireEventOnEachListener(EventListenerGroupImpl.java:127) ~[hibernate-core-6.6.33.Final.jar:6.6.33.Final]
	at org.hibernate.internal.SessionImpl.firePersist(SessionImpl.java:761) ~[hibernate-core-6.6.33.Final.jar:6.6.33.Final]
	at org.hibernate.internal.SessionImpl.persist(SessionImpl.java:745) ~[hibernate-core-6.6.33.Final.jar:6.6.33.Final]
	at java.base/jdk.internal.reflect.DirectMethodHandleAccessor.invoke(DirectMethodHandleAccessor.java:104) ~[na:na]
	at java.base/java.lang.reflect.Method.invoke(Method.java:565) ~[na:na]
	at org.springframework.orm.jpa.ExtendedEntityManagerCreator$ExtendedEntityManagerInvocationHandler.invoke(ExtendedEntityManagerCreator.java:364) ~[spring-orm-6.2.12.jar:6.2.12]
	at jdk.proxy2/jdk.proxy2.$Proxy138.persist(Unknown Source) ~[na:na]
	at java.base/jdk.internal.reflect.DirectMethodHandleAccessor.invoke(DirectMethodHandleAccessor.java:104) ~[na:na]
	at java.base/java.lang.reflect.Method.invoke(Method.java:565) ~[na:na]
	at org.springframework.orm.jpa.SharedEntityManagerCreator$SharedEntityManagerInvocationHandler.invoke(SharedEntityManagerCreator.java:320) ~[spring-orm-6.2.12.jar:6.2.12]
	at jdk.proxy2/jdk.proxy2.$Proxy138.persist(Unknown Source) ~[na:na]
	at org.springframework.data.jpa.repository.support.SimpleJpaRepository.save(SimpleJpaRepository.java:654) ~[spring-data-jpa-3.5.5.jar:3.5.5]
	at java.base/jdk.internal.reflect.DirectMethodHandleAccessor.invoke(DirectMethodHandleAccessor.java:104) ~[na:na]
	at java.base/java.lang.reflect.Method.invoke(Method.java:565) ~[na:na]
	at org.springframework.aop.support.AopUtils.invokeJoinpointUsingReflection(AopUtils.java:360) ~[spring-aop-6.2.12.jar:6.2.12]
	at org.springframework.data.repository.core.support.RepositoryMethodInvoker$RepositoryFragmentMethodInvoker.lambda$new$0(RepositoryMethodInvoker.java:277) ~[spring-data-commons-3.5.5.jar:3.5.5]
	at org.springframework.data.repository.core.support.RepositoryMethodInvoker.doInvoke(RepositoryMethodInvoker.java:170) ~[spring-data-commons-3.5.5.jar:3.5.5]
	at org.springframework.data.repository.core.support.RepositoryMethodInvoker.invoke(RepositoryMethodInvoker.java:158) ~[spring-data-commons-3.5.5.jar:3.5.5]
	at org.springframework.data.repository.core.support.RepositoryComposition$RepositoryFragments.invoke(RepositoryComposition.java:515) ~[spring-data-commons-3.5.5.jar:3.5.5]
	at org.springframework.data.repository.core.support.RepositoryComposition.invoke(RepositoryComposition.java:284) ~[spring-data-commons-3.5.5.jar:3.5.5]
	at org.springframework.data.repository.core.support.RepositoryFactorySupport$ImplementationMethodExecutionInterceptor.invoke(RepositoryFactorySupport.java:734) ~[spring-data-commons-3.5.5.jar:3.5.5]
	at org.springframework.aop.framework.ReflectiveMethodInvocation.proceed(ReflectiveMethodInvocation.java:184) ~[spring-aop-6.2.12.jar:6.2.12]
	at org.springframework.data.repository.core.support.QueryExecutorMethodInterceptor.doInvoke(QueryExecutorMethodInterceptor.java:174) ~[spring-data-commons-3.5.5.jar:3.5.5]
	at org.springframework.data.repository.core.support.QueryExecutorMethodInterceptor.invoke(QueryExecutorMethodInterceptor.java:149) ~[spring-data-commons-3.5.5.jar:3.5.5]
	at org.springframework.aop.framework.ReflectiveMethodInvocation.proceed(ReflectiveMethodInvocation.java:184) ~[spring-aop-6.2.12.jar:6.2.12]
	at org.springframework.data.projection.DefaultMethodInvokingMethodInterceptor.invoke(DefaultMethodInvokingMethodInterceptor.java:69) ~[spring-data-commons-3.5.5.jar:3.5.5]
	at org.springframework.aop.framework.ReflectiveMethodInvocation.proceed(ReflectiveMethodInvocation.java:184) ~[spring-aop-6.2.12.jar:6.2.12]
	at org.springframework.transaction.interceptor.TransactionAspectSupport.invokeWithinTransaction(TransactionAspectSupport.java:380) ~[spring-tx-6.2.12.jar:6.2.12]
	at org.springframework.transaction.interceptor.TransactionInterceptor.invoke(TransactionInterceptor.java:119) ~[spring-tx-6.2.12.jar:6.2.12]
	at org.springframework.aop.framework.ReflectiveMethodInvocation.proceed(ReflectiveMethodInvocation.java:184) ~[spring-aop-6.2.12.jar:6.2.12]
	at org.springframework.dao.support.PersistenceExceptionTranslationInterceptor.invoke(PersistenceExceptionTranslationInterceptor.java:138) ~[spring-tx-6.2.12.jar:6.2.12]
	at org.springframework.aop.framework.ReflectiveMethodInvocation.proceed(ReflectiveMethodInvocation.java:184) ~[spring-aop-6.2.12.jar:6.2.12]
	at org.springframework.data.jpa.repository.support.CrudMethodMetadataPostProcessor$CrudMethodMetadataPopulatingMethodInterceptor.invoke(CrudMethodMetadataPostProcessor.java:165) ~[spring-data-jpa-3.5.5.jar:3.5.5]
	at org.springframework.aop.framework.ReflectiveMethodInvocation.proceed(ReflectiveMethodInvocation.java:184) ~[spring-aop-6.2.12.jar:6.2.12]
	at org.springframework.aop.framework.JdkDynamicAopProxy.invoke(JdkDynamicAopProxy.java:223) ~[spring-aop-6.2.12.jar:6.2.12]
	at jdk.proxy2/jdk.proxy2.$Proxy143.save(Unknown Source) ~[na:na]
	at com.qmovi.almoxarifado.service.ProdutoService.registrarMovimentacao(ProdutoService.java:226) ~[classes/:na]
	at com.qmovi.almoxarifado.service.ProdutoService.criar(ProdutoService.java:64) ~[classes/:na]
	at java.base/jdk.internal.reflect.DirectMethodHandleAccessor.invoke(DirectMethodHandleAccessor.java:104) ~[na:na]
	at java.base/java.lang.reflect.Method.invoke(Method.java:565) ~[na:na]
	at org.springframework.aop.support.AopUtils.invokeJoinpointUsingReflection(AopUtils.java:360) ~[spring-aop-6.2.12.jar:6.2.12]
	at org.springframework.aop.framework.ReflectiveMethodInvocation.invokeJoinpoint(ReflectiveMethodInvocation.java:196) ~[spring-aop-6.2.12.jar:6.2.12]
	at org.springframework.aop.framework.ReflectiveMethodInvocation.proceed(ReflectiveMethodInvocation.java:163) ~[spring-aop-6.2.12.jar:6.2.12]
	at org.springframework.transaction.interceptor.TransactionAspectSupport.invokeWithinTransaction(TransactionAspectSupport.java:380) ~[spring-tx-6.2.12.jar:6.2.12]
	at org.springframework.transaction.interceptor.TransactionInterceptor.invoke(TransactionInterceptor.java:119) ~[spring-tx-6.2.12.jar:6.2.12]
	at org.springframework.aop.framework.ReflectiveMethodInvocation.proceed(ReflectiveMethodInvocation.java:184) ~[spring-aop-6.2.12.jar:6.2.12]
	at org.springframework.aop.framework.CglibAopProxy$DynamicAdvisedInterceptor.intercept(CglibAopProxy.java:728) ~[spring-aop-6.2.12.jar:6.2.12]
	at com.qmovi.almoxarifado.service.ProdutoService$$SpringCGLIB$$0.criar(<generated>) ~[classes/:na]
	at com.qmovi.almoxarifado.controller.ProdutoController.criar(ProdutoController.java:35) ~[classes/:na]
	at java.base/jdk.internal.reflect.DirectMethodHandleAccessor.invoke(DirectMethodHandleAccessor.java:104) ~[na:na]
	at java.base/java.lang.reflect.Method.invoke(Method.java:565) ~[na:na]
	at org.springframework.web.method.support.InvocableHandlerMethod.doInvoke(InvocableHandlerMethod.java:258) ~[spring-web-6.2.12.jar:6.2.12]
	at org.springframework.web.method.support.InvocableHandlerMethod.invokeForRequest(InvocableHandlerMethod.java:191) ~[spring-web-6.2.12.jar:6.2.12]
	at org.springframework.web.servlet.mvc.method.annotation.ServletInvocableHandlerMethod.invokeAndHandle(ServletInvocableHandlerMethod.java:118) ~[spring-webmvc-6.2.12.jar:6.2.12]
	at org.springframework.web.servlet.mvc.method.annotation.RequestMappingHandlerAdapter.invokeHandlerMethod(RequestMappingHandlerAdapter.java:991) ~[spring-webmvc-6.2.12.jar:6.2.12]
	at org.springframework.web.servlet.mvc.method.annotation.RequestMappingHandlerAdapter.handleInternal(RequestMappingHandlerAdapter.java:896) ~[spring-webmvc-6.2.12.jar:6.2.12]
	at org.springframework.web.servlet.mvc.method.AbstractHandlerMethodAdapter.handle(AbstractHandlerMethodAdapter.java:87) ~[spring-webmvc-6.2.12.jar:6.2.12]
	at org.springframework.web.servlet.DispatcherServlet.doDispatch(DispatcherServlet.java:1089) ~[spring-webmvc-6.2.12.jar:6.2.12]
	at org.springframework.web.servlet.DispatcherServlet.doService(DispatcherServlet.java:979) ~[spring-webmvc-6.2.12.jar:6.2.12]
	at org.springframework.web.servlet.FrameworkServlet.processRequest(FrameworkServlet.java:1014) ~[spring-webmvc-6.2.12.jar:6.2.12]
	at org.springframework.web.servlet.FrameworkServlet.doPost(FrameworkServlet.java:914) ~[spring-webmvc-6.2.12.jar:6.2.12]
	at jakarta.servlet.http.HttpServlet.service(HttpServlet.java:590) ~[tomcat-embed-core-10.1.48.jar:6.0]
	at org.springframework.web.servlet.FrameworkServlet.service(FrameworkServlet.java:885) ~[spring-webmvc-6.2.12.jar:6.2.12]
	at jakarta.servlet.http.HttpServlet.service(HttpServlet.java:658) ~[tomcat-embed-core-10.1.48.jar:6.0]
	at org.apache.catalina.core.ApplicationFilterChain.internalDoFilter(ApplicationFilterChain.java:193) ~[tomcat-embed-core-10.1.48.jar:10.1.48]
	at org.apache.catalina.core.ApplicationFilterChain.doFilter(ApplicationFilterChain.java:138) ~[tomcat-embed-core-10.1.48.jar:10.1.48]
	at org.apache.tomcat.websocket.server.WsFilter.doFilter(WsFilter.java:51) ~[tomcat-embed-websocket-10.1.48.jar:10.1.48]
	at org.apache.catalina.core.ApplicationFilterChain.internalDoFilter(ApplicationFilterChain.java:162) ~[tomcat-embed-core-10.1.48.jar:10.1.48]
	at org.apache.catalina.core.ApplicationFilterChain.doFilter(ApplicationFilterChain.java:138) ~[tomcat-embed-core-10.1.48.jar:10.1.48]
	at org.springframework.web.filter.RequestContextFilter.doFilterInternal(RequestContextFilter.java:100) ~[spring-web-6.2.12.jar:6.2.12]
	at org.springframework.web.filter.OncePerRequestFilter.doFilter(OncePerRequestFilter.java:116) ~[spring-web-6.2.12.jar:6.2.12]
	at org.apache.catalina.core.ApplicationFilterChain.internalDoFilter(ApplicationFilterChain.java:162) ~[tomcat-embed-core-10.1.48.jar:10.1.48]
	at org.apache.catalina.core.ApplicationFilterChain.doFilter(ApplicationFilterChain.java:138) ~[tomcat-embed-core-10.1.48.jar:10.1.48]
	at org.springframework.web.filter.FormContentFilter.doFilterInternal(FormContentFilter.java:93) ~[spring-web-6.2.12.jar:6.2.12]
	at org.springframework.web.filter.OncePerRequestFilter.doFilter(OncePerRequestFilter.java:116) ~[spring-web-6.2.12.jar:6.2.12]
	at org.apache.catalina.core.ApplicationFilterChain.internalDoFilter(ApplicationFilterChain.java:162) ~[tomcat-embed-core-10.1.48.jar:10.1.48]
	at org.apache.catalina.core.ApplicationFilterChain.doFilter(ApplicationFilterChain.java:138) ~[tomcat-embed-core-10.1.48.jar:10.1.48]
	at org.springframework.web.filter.CharacterEncodingFilter.doFilterInternal(CharacterEncodingFilter.java:201) ~[spring-web-6.2.12.jar:6.2.12]
	at org.springframework.web.filter.OncePerRequestFilter.doFilter(OncePerRequestFilter.java:116) ~[spring-web-6.2.12.jar:6.2.12]
	at org.apache.catalina.core.ApplicationFilterChain.internalDoFilter(ApplicationFilterChain.java:162) ~[tomcat-embed-core-10.1.48.jar:10.1.48]
	at org.apache.catalina.core.ApplicationFilterChain.doFilter(ApplicationFilterChain.java:138) ~[tomcat-embed-core-10.1.48.jar:10.1.48]
	at org.apache.catalina.core.StandardWrapperValve.invoke(StandardWrapperValve.java:165) ~[tomcat-embed-core-10.1.48.jar:10.1.48]
	at org.apache.catalina.core.StandardContextValve.invoke(StandardContextValve.java:88) ~[tomcat-embed-core-10.1.48.jar:10.1.48]
	at org.apache.catalina.authenticator.AuthenticatorBase.invoke(AuthenticatorBase.java:482) ~[tomcat-embed-core-10.1.48.jar:10.1.48]
	at org.apache.catalina.core.StandardHostValve.invoke(StandardHostValve.java:113) ~[tomcat-embed-core-10.1.48.jar:10.1.48]
	at org.apache.catalina.valves.ErrorReportValve.invoke(ErrorReportValve.java:83) ~[tomcat-embed-core-10.1.48.jar:10.1.48]
	at org.apache.catalina.core.StandardEngineValve.invoke(StandardEngineValve.java:72) ~[tomcat-embed-core-10.1.48.jar:10.1.48]
	at org.apache.catalina.connector.CoyoteAdapter.service(CoyoteAdapter.java:342) ~[tomcat-embed-core-10.1.48.jar:10.1.48]
	at org.apache.coyote.http11.Http11Processor.service(Http11Processor.java:399) ~[tomcat-embed-core-10.1.48.jar:10.1.48]
	at org.apache.coyote.AbstractProcessorLight.process(AbstractProcessorLight.java:63) ~[tomcat-embed-core-10.1.48.jar:10.1.48]
	at org.apache.coyote.AbstractProtocol$ConnectionHandler.process(AbstractProtocol.java:903) ~[tomcat-embed-core-10.1.48.jar:10.1.48]
	at org.apache.tomcat.util.net.NioEndpoint$SocketProcessor.doRun(NioEndpoint.java:1774) ~[tomcat-embed-core-10.1.48.jar:10.1.48]
	at org.apache.tomcat.util.net.SocketProcessorBase.run(SocketProcessorBase.java:52) ~[tomcat-embed-core-10.1.48.jar:10.1.48]
	at org.apache.tomcat.util.threads.ThreadPoolExecutor.runWorker(ThreadPoolExecutor.java:973) ~[tomcat-embed-core-10.1.48.jar:10.1.48]
	at org.apache.tomcat.util.threads.ThreadPoolExecutor$Worker.run(ThreadPoolExecutor.java:491) ~[tomcat-embed-core-10.1.48.jar:10.1.48]
	at org.apache.tomcat.util.threads.TaskThread$WrappingRunnable.run(TaskThread.java:63) ~[tomcat-embed-core-10.1.48.jar:10.1.48]
	at java.base/java.lang.Thread.run(Thread.java:1447) ~[na:na]

2025-11-20T10:37:34.242-03:00  INFO 6264 --- [SpringApplicationShutdownHook] o.s.b.w.e.tomcat.GracefulShutdown        : Commencing graceful shutdown. Waiting for active requests to complete
2025-11-20T10:37:34.258-03:00  INFO 6264 --- [tomcat-shutdown] o.s.b.w.e.tomcat.GracefulShutdown        : Graceful shutdown complete
2025-11-20T10:37:34.262-03:00  INFO 6264 --- [SpringApplicationShutdownHook] j.LocalContainerEntityManagerFactoryBean : Closing JPA EntityManagerFactory for persistence unit 'default'
2025-11-20T10:37:34.265-03:00  INFO 6264 --- [SpringApplicationShutdownHook] com.zaxxer.hikari.HikariDataSource       : HikariPool-1 - Shutdown initiated...
2025-11-20T10:37:34.274-03:00  INFO 6264 --- [SpringApplicationShutdownHook] com.zaxxer.hikari.HikariDataSource       : HikariPool-1 - Shutdown completed.
2025-11-20T10:39:31.804-03:00  INFO 28272 --- [main] c.q.a.AlmoxarifadoApplication            : Starting AlmoxarifadoApplication using Java 24.0.1 with PID 28272 (C:\Users\mfsco\Documents\Aratech Sistemas\Clientes\qmovi\almoxarifado\almoxarifado\target\classes started by mfsco in C:\Users\mfsco\Documents\Aratech Sistemas\Clientes\qmovi\almoxarifado)
2025-11-20T10:39:31.808-03:00  INFO 28272 --- [main] c.q.a.AlmoxarifadoApplication            : No active profile set, falling back to 1 default profile: "default"
2025-11-20T10:39:33.222-03:00  INFO 28272 --- [main] .s.d.r.c.RepositoryConfigurationDelegate : Bootstrapping Spring Data JPA repositories in DEFAULT mode.
2025-11-20T10:39:33.323-03:00  INFO 28272 --- [main] .s.d.r.c.RepositoryConfigurationDelegate : Finished Spring Data repository scanning in 75 ms. Found 2 JPA repository interfaces.
2025-11-20T10:39:34.080-03:00  INFO 28272 --- [main] o.s.b.w.embedded.tomcat.TomcatWebServer  : Tomcat initialized with port 8080 (http)
2025-11-20T10:39:34.102-03:00  INFO 28272 --- [main] o.apache.catalina.core.StandardService   : Starting service [Tomcat]
2025-11-20T10:39:34.102-03:00  INFO 28272 --- [main] o.apache.catalina.core.StandardEngine    : Starting Servlet engine: [Apache Tomcat/10.1.48]
2025-11-20T10:39:34.186-03:00  INFO 28272 --- [main] o.a.c.c.C.[Tomcat].[localhost].[/]       : Initializing Spring embedded WebApplicationContext
2025-11-20T10:39:34.187-03:00  INFO 28272 --- [main] w.s.c.ServletWebServerApplicationContext : Root WebApplicationContext: initialization completed in 2290 ms
2025-11-20T10:39:34.705-03:00  INFO 28272 --- [main] com.zaxxer.hikari.HikariDataSource       : HikariPool-1 - Starting...
2025-11-20T10:39:34.975-03:00  INFO 28272 --- [main] com.zaxxer.hikari.pool.HikariPool        : HikariPool-1 - Added connection org.postgresql.jdbc.PgConnection@51ac12ac
2025-11-20T10:39:34.978-03:00  INFO 28272 --- [main] com.zaxxer.hikari.HikariDataSource       : HikariPool-1 - Start completed.
2025-11-20T10:39:35.016-03:00  INFO 28272 --- [main] org.flywaydb.core.FlywayExecutor         : Database: jdbc:postgresql://localhost:5433/qmovi?sslmode=disable (PostgreSQL 16.10)
2025-11-20T10:39:35.181-03:00  INFO 28272 --- [main] o.f.core.internal.command.DbValidate     : Successfully validated 2 migrations (execution time 00:00.066s)
2025-11-20T10:39:35.262-03:00  INFO 28272 --- [main] o.f.core.internal.command.DbMigrate      : Current version of schema "public": 2
2025-11-20T10:39:35.273-03:00  INFO 28272 --- [main] o.f.core.internal.command.DbMigrate      : Schema "public" is up to date. No migration necessary.
2025-11-20T10:39:35.450-03:00  INFO 28272 --- [main] o.hibernate.jpa.internal.util.LogHelper  : HHH000204: Processing PersistenceUnitInfo [name: default]
2025-11-20T10:39:35.544-03:00  INFO 28272 --- [main] org.hibernate.Version                    : HHH000412: Hibernate ORM core version 6.6.33.Final
2025-11-20T10:39:35.582-03:00  INFO 28272 --- [main] o.h.c.internal.RegionFactoryInitiator    : HHH000026: Second-level cache disabled
2025-11-20T10:39:36.017-03:00  INFO 28272 --- [main] o.s.o.j.p.SpringPersistenceUnitInfo      : No LoadTimeWeaver setup: ignoring JPA class transformer
2025-11-20T10:39:36.101-03:00  INFO 28272 --- [main] org.hibernate.orm.connections.pooling    : HHH10001005: Database info:
	Database JDBC URL [Connecting through datasource 'HikariDataSource (HikariPool-1)']
	Database driver: undefined/unknown
	Database version: 16.10
	Autocommit mode: undefined/unknown
	Isolation level: undefined/unknown
	Minimum pool size: undefined/unknown
	Maximum pool size: undefined/unknown
2025-11-20T10:39:37.045-03:00  INFO 28272 --- [main] o.h.e.t.j.p.i.JtaPlatformInitiator       : HHH000489: No JTA platform available (set 'hibernate.transaction.jta.platform' to enable JTA platform integration)
2025-11-20T10:39:37.083-03:00  INFO 28272 --- [main] j.LocalContainerEntityManagerFactoryBean : Initialized JPA EntityManagerFactory for persistence unit 'default'
2025-11-20T10:39:37.812-03:00  WARN 28272 --- [main] JpaBaseConfiguration$JpaWebConfiguration : spring.jpa.open-in-view is enabled by default. Therefore, database queries may be performed during view rendering. Explicitly configure spring.jpa.open-in-view to disable this warning
2025-11-20T10:39:38.539-03:00  INFO 28272 --- [main] o.s.b.w.embedded.tomcat.TomcatWebServer  : Tomcat started on port 8080 (http) with context path '/'
2025-11-20T10:39:38.551-03:00  INFO 28272 --- [main] c.q.a.AlmoxarifadoApplication            : Started AlmoxarifadoApplication in 7.57 seconds (process running for 8.396)
2025-11-20T10:39:38.555-03:00  WARN 28272 --- [main] o.s.core.events.SpringDocAppInitializer  : SpringDoc /v3/api-docs endpoint is enabled by default. To disable it in production, set the property 'springdoc.api-docs.enabled=false'
2025-11-20T10:39:38.555-03:00  WARN 28272 --- [main] o.s.core.events.SpringDocAppInitializer  : SpringDoc /swagger-ui.html endpoint is enabled by default. To disable it in production, set the property 'springdoc.swagger-ui.enabled=false'
2025-11-20T10:39:53.905-03:00  INFO 28272 --- [http-nio-8080-exec-1] o.a.c.c.C.[Tomcat].[localhost].[/]       : Initializing Spring DispatcherServlet 'dispatcherServlet'
2025-11-20T10:39:53.906-03:00  INFO 28272 --- [http-nio-8080-exec-1] o.s.web.servlet.DispatcherServlet        : Initializing Servlet 'dispatcherServlet'
2025-11-20T10:39:53.909-03:00  INFO 28272 --- [http-nio-8080-exec-1] o.s.web.servlet.DispatcherServlet        : Completed initialization in 2 ms
2025-11-20T10:46:28.384-03:00  INFO 28272 --- [SpringApplicationShutdownHook] o.s.b.w.e.tomcat.GracefulShutdown        : Commencing graceful shutdown. Waiting for active requests to complete
2025-11-20T10:46:28.396-03:00  INFO 28272 --- [tomcat-shutdown] o.s.b.w.e.tomcat.GracefulShutdown        : Graceful shutdown complete
2025-11-20T10:46:28.401-03:00  INFO 28272 --- [SpringApplicationShutdownHook] j.LocalContainerEntityManagerFactoryBean : Closing JPA EntityManagerFactory for persistence unit 'default'
2025-11-20T10:46:28.403-03:00  INFO 28272 --- [SpringApplicationShutdownHook] com.zaxxer.hikari.HikariDataSource       : HikariPool-1 - Shutdown initiated...
2025-11-20T10:46:28.413-03:00  INFO 28272 --- [SpringApplicationShutdownHook] com.zaxxer.hikari.HikariDataSource       : HikariPool-1 - Shutdown completed.
2025-11-20T10:46:35.904-03:00  INFO 296 --- [main] c.q.a.AlmoxarifadoApplication            : Starting AlmoxarifadoApplication using Java 24.0.1 with PID 296 (C:\Users\mfsco\Documents\Aratech Sistemas\Clientes\qmovi\almoxarifado\almoxarifado\target\classes started by mfsco in C:\Users\mfsco\Documents\Aratech Sistemas\Clientes\qmovi\almoxarifado)
2025-11-20T10:46:35.909-03:00  INFO 296 --- [main] c.q.a.AlmoxarifadoApplication            : No active profile set, falling back to 1 default profile: "default"
2025-11-20T10:46:38.256-03:00  INFO 296 --- [main] .s.d.r.c.RepositoryConfigurationDelegate : Bootstrapping Spring Data JPA repositories in DEFAULT mode.
2025-11-20T10:46:38.392-03:00  INFO 296 --- [main] .s.d.r.c.RepositoryConfigurationDelegate : Finished Spring Data repository scanning in 112 ms. Found 2 JPA repository interfaces.
2025-11-20T10:46:39.830-03:00  INFO 296 --- [main] o.s.b.w.embedded.tomcat.TomcatWebServer  : Tomcat initialized with port 8080 (http)
2025-11-20T10:46:39.845-03:00  INFO 296 --- [main] o.apache.catalina.core.StandardService   : Starting service [Tomcat]
2025-11-20T10:46:39.846-03:00  INFO 296 --- [main] o.apache.catalina.core.StandardEngine    : Starting Servlet engine: [Apache Tomcat/10.1.48]
2025-11-20T10:46:39.961-03:00  INFO 296 --- [main] o.a.c.c.C.[Tomcat].[localhost].[/]       : Initializing Spring embedded WebApplicationContext
2025-11-20T10:46:39.962-03:00  INFO 296 --- [main] w.s.c.ServletWebServerApplicationContext : Root WebApplicationContext: initialization completed in 3929 ms
2025-11-20T10:46:40.941-03:00  INFO 296 --- [main] com.zaxxer.hikari.HikariDataSource       : HikariPool-1 - Starting...
2025-11-20T10:46:41.397-03:00  INFO 296 --- [main] com.zaxxer.hikari.pool.HikariPool        : HikariPool-1 - Added connection org.postgresql.jdbc.PgConnection@15605d83
2025-11-20T10:46:41.401-03:00  INFO 296 --- [main] com.zaxxer.hikari.HikariDataSource       : HikariPool-1 - Start completed.
2025-11-20T10:46:41.444-03:00  INFO 296 --- [main] org.flywaydb.core.FlywayExecutor         : Database: jdbc:postgresql://localhost:5433/qmovi?sslmode=disable (PostgreSQL 16.10)
2025-11-20T10:46:41.625-03:00  INFO 296 --- [main] o.f.core.internal.command.DbValidate     : Successfully validated 2 migrations (execution time 00:00.077s)
2025-11-20T10:46:41.684-03:00  INFO 296 --- [main] o.f.core.internal.command.DbMigrate      : Current version of schema "public": 2
2025-11-20T10:46:41.697-03:00  INFO 296 --- [main] o.f.core.internal.command.DbMigrate      : Schema "public" is up to date. No migration necessary.
2025-11-20T10:46:41.920-03:00  INFO 296 --- [main] o.hibernate.jpa.internal.util.LogHelper  : HHH000204: Processing PersistenceUnitInfo [name: default]
2025-11-20T10:46:42.066-03:00  INFO 296 --- [main] org.hibernate.Version                    : HHH000412: Hibernate ORM core version 6.6.33.Final
2025-11-20T10:46:42.196-03:00  INFO 296 --- [main] o.h.c.internal.RegionFactoryInitiator    : HHH000026: Second-level cache disabled
2025-11-20T10:46:43.035-03:00  INFO 296 --- [main] o.s.o.j.p.SpringPersistenceUnitInfo      : No LoadTimeWeaver setup: ignoring JPA class transformer
2025-11-20T10:46:43.199-03:00  INFO 296 --- [main] org.hibernate.orm.connections.pooling    : HHH10001005: Database info:
	Database JDBC URL [Connecting through datasource 'HikariDataSource (HikariPool-1)']
	Database driver: undefined/unknown
	Database version: 16.10
	Autocommit mode: undefined/unknown
	Isolation level: undefined/unknown
	Minimum pool size: undefined/unknown
	Maximum pool size: undefined/unknown
2025-11-20T10:46:45.117-03:00  INFO 296 --- [main] o.h.e.t.j.p.i.JtaPlatformInitiator       : HHH000489: No JTA platform available (set 'hibernate.transaction.jta.platform' to enable JTA platform integration)
2025-11-20T10:46:45.200-03:00  INFO 296 --- [main] j.LocalContainerEntityManagerFactoryBean : Initialized JPA EntityManagerFactory for persistence unit 'default'
2025-11-20T10:46:46.632-03:00  WARN 296 --- [main] JpaBaseConfiguration$JpaWebConfiguration : spring.jpa.open-in-view is enabled by default. Therefore, database queries may be performed during view rendering. Explicitly configure spring.jpa.open-in-view to disable this warning
2025-11-20T10:46:47.950-03:00  INFO 296 --- [main] o.s.b.w.embedded.tomcat.TomcatWebServer  : Tomcat started on port 8080 (http) with context path '/'
2025-11-20T10:46:47.982-03:00  INFO 296 --- [main] c.q.a.AlmoxarifadoApplication            : Started AlmoxarifadoApplication in 13.56 seconds (process running for 14.413)
2025-11-20T10:46:47.989-03:00  WARN 296 --- [main] o.s.core.events.SpringDocAppInitializer  : SpringDoc /v3/api-docs endpoint is enabled by default. To disable it in production, set the property 'springdoc.api-docs.enabled=false'
2025-11-20T10:46:47.990-03:00  WARN 296 --- [main] o.s.core.events.SpringDocAppInitializer  : SpringDoc /swagger-ui.html endpoint is enabled by default. To disable it in production, set the property 'springdoc.swagger-ui.enabled=false'
2025-11-20T10:46:58.009-03:00  INFO 296 --- [http-nio-8080-exec-2] o.a.c.c.C.[Tomcat].[localhost].[/]       : Initializing Spring DispatcherServlet 'dispatcherServlet'
2025-11-20T10:46:58.009-03:00  INFO 296 --- [http-nio-8080-exec-2] o.s.web.servlet.DispatcherServlet        : Initializing Servlet 'dispatcherServlet'
2025-11-20T10:46:58.013-03:00  INFO 296 --- [http-nio-8080-exec-2] o.s.web.servlet.DispatcherServlet        : Completed initialization in 3 ms
2025-11-20T10:46:58.400-03:00  WARN 296 --- [http-nio-8080-exec-2] .w.s.m.s.DefaultHandlerExceptionResolver : Resolved [org.springframework.web.bind.MethodArgumentNotValidException: Validation failed for argument [1] in public org.springframework.http.ResponseEntity<com.qmovi.almoxarifado.dto.ProdutoResponse> com.qmovi.almoxarifado.controller.ProdutoController.editar(java.lang.String,com.qmovi.almoxarifado.dto.ProdutoRequest) with 7 errors: [Field error in object 'produtoRequest' on field 'setor': rejected value [null]; codes [NotNull.produtoRequest.setor,NotNull.setor,NotNull.com.qmovi.almoxarifado.model.Setor,NotNull]; arguments [org.springframework.context.support.DefaultMessageSourceResolvable: codes [produtoRequest.setor,setor]; arguments []; default message [setor]]; default message [O setor que esse produto pertence é obrigatório.]] [Field error in object 'produtoRequest' on field 'notaFiscal': rejected value [null]; codes [NotBlank.produtoRequest.notaFiscal,NotBlank.notaFiscal,NotBlank.java.lang.String,NotBlank]; arguments [org.springframework.context.support.DefaultMessageSourceResolvable: codes [produtoRequest.notaFiscal,notaFiscal]; arguments []; default message [notaFiscal]]; default message [O número da nota fiscal é obrigatório]] [Field error in object 'produtoRequest' on field 'responsavelRecebimento': rejected value [null]; codes [NotBlank.produtoRequest.responsavelRecebimento,NotBlank.responsavelRecebimento,NotBlank.java.lang.String,NotBlank]; arguments [org.springframework.context.support.DefaultMessageSourceResolvable: codes [produtoRequest.responsavelRecebimento,responsavelRecebimento]; arguments []; default message [responsavelRecebimento]]; default message [O nome do conferente responsável pelo recebimento é obrigatório!]] [Field error in object 'produtoRequest' on field 'unidade': rejected value [null]; codes [NotBlank.produtoRequest.unidade,NotBlank.unidade,NotBlank.java.lang.String,NotBlank]; arguments [org.springframework.context.support.DefaultMessageSourceResolvable: codes [produtoRequest.unidade,unidade]; arguments []; default message [unidade]]; default message [A unidade é obrigatória]] [Field error in object 'produtoRequest' on field 'local': rejected value [null]; codes [NotBlank.produtoRequest.local,NotBlank.local,NotBlank.java.lang.String,NotBlank]; arguments [org.springframework.context.support.DefaultMessageSourceResolvable: codes [produtoRequest.local,local]; arguments []; default message [local]]; default message [O local é obrigatório]] [Field error in object 'produtoRequest' on field 'nome': rejected value [null]; codes [NotBlank.produtoRequest.nome,NotBlank.nome,NotBlank.java.lang.String,NotBlank]; arguments [org.springframework.context.support.DefaultMessageSourceResolvable: codes [produtoRequest.nome,nome]; arguments []; default message [nome]]; default message [O nome é obrigatório]] [Field error in object 'produtoRequest' on field 'quantidade': rejected value [null]; codes [NotNull.produtoRequest.quantidade,NotNull.quantidade,NotNull.java.lang.Integer,NotNull]; arguments [org.springframework.context.support.DefaultMessageSourceResolvable: codes [produtoRequest.quantidade,quantidade]; arguments []; default message [quantidade]]; default message [A quantidade é obrigatória]] ]
2025-11-20T10:49:37.753-03:00 ERROR 296 --- [http-nio-8080-exec-7] o.a.c.c.C.[.[.[/].[dispatcherServlet]    : Servlet.service() for servlet [dispatcherServlet] in context with path [] threw exception [Request processing failed: com.qmovi.almoxarifado.exception.BadRequestException: Baixa não autorizada. Para concluir, é necessária a autorização do gestor responsável.] with root cause

com.qmovi.almoxarifado.exception.BadRequestException: Baixa não autorizada. Para concluir, é necessária a autorização do gestor responsável.
	at com.qmovi.almoxarifado.service.ProdutoService.baixarEstoque(ProdutoService.java:111) ~[classes/:na]
	at java.base/jdk.internal.reflect.DirectMethodHandleAccessor.invoke(DirectMethodHandleAccessor.java:104) ~[na:na]
	at java.base/java.lang.reflect.Method.invoke(Method.java:565) ~[na:na]
	at org.springframework.aop.support.AopUtils.invokeJoinpointUsingReflection(AopUtils.java:360) ~[spring-aop-6.2.12.jar:6.2.12]
	at org.springframework.aop.framework.ReflectiveMethodInvocation.invokeJoinpoint(ReflectiveMethodInvocation.java:196) ~[spring-aop-6.2.12.jar:6.2.12]
	at org.springframework.aop.framework.ReflectiveMethodInvocation.proceed(ReflectiveMethodInvocation.java:163) ~[spring-aop-6.2.12.jar:6.2.12]
	at org.springframework.transaction.interceptor.TransactionAspectSupport.invokeWithinTransaction(TransactionAspectSupport.java:380) ~[spring-tx-6.2.12.jar:6.2.12]
	at org.springframework.transaction.interceptor.TransactionInterceptor.invoke(TransactionInterceptor.java:119) ~[spring-tx-6.2.12.jar:6.2.12]
	at org.springframework.aop.framework.ReflectiveMethodInvocation.proceed(ReflectiveMethodInvocation.java:184) ~[spring-aop-6.2.12.jar:6.2.12]
	at org.springframework.aop.framework.CglibAopProxy$DynamicAdvisedInterceptor.intercept(CglibAopProxy.java:728) ~[spring-aop-6.2.12.jar:6.2.12]
	at com.qmovi.almoxarifado.service.ProdutoService$$SpringCGLIB$$0.baixarEstoque(<generated>) ~[classes/:na]
	at com.qmovi.almoxarifado.controller.ProdutoController.baixarEstoque(ProdutoController.java:53) ~[classes/:na]
	at java.base/jdk.internal.reflect.DirectMethodHandleAccessor.invoke(DirectMethodHandleAccessor.java:104) ~[na:na]
	at java.base/java.lang.reflect.Method.invoke(Method.java:565) ~[na:na]
	at org.springframework.web.method.support.InvocableHandlerMethod.doInvoke(InvocableHandlerMethod.java:258) ~[spring-web-6.2.12.jar:6.2.12]
	at org.springframework.web.method.support.InvocableHandlerMethod.invokeForRequest(InvocableHandlerMethod.java:191) ~[spring-web-6.2.12.jar:6.2.12]
	at org.springframework.web.servlet.mvc.method.annotation.ServletInvocableHandlerMethod.invokeAndHandle(ServletInvocableHandlerMethod.java:118) ~[spring-webmvc-6.2.12.jar:6.2.12]
	at org.springframework.web.servlet.mvc.method.annotation.RequestMappingHandlerAdapter.invokeHandlerMethod(RequestMappingHandlerAdapter.java:991) ~[spring-webmvc-6.2.12.jar:6.2.12]
	at org.springframework.web.servlet.mvc.method.annotation.RequestMappingHandlerAdapter.handleInternal(RequestMappingHandlerAdapter.java:896) ~[spring-webmvc-6.2.12.jar:6.2.12]
	at org.springframework.web.servlet.mvc.method.AbstractHandlerMethodAdapter.handle(AbstractHandlerMethodAdapter.java:87) ~[spring-webmvc-6.2.12.jar:6.2.12]
	at org.springframework.web.servlet.DispatcherServlet.doDispatch(DispatcherServlet.java:1089) ~[spring-webmvc-6.2.12.jar:6.2.12]
	at org.springframework.web.servlet.DispatcherServlet.doService(DispatcherServlet.java:979) ~[spring-webmvc-6.2.12.jar:6.2.12]
	at org.springframework.web.servlet.FrameworkServlet.processRequest(FrameworkServlet.java:1014) ~[spring-webmvc-6.2.12.jar:6.2.12]
	at org.springframework.web.servlet.FrameworkServlet.doPost(FrameworkServlet.java:914) ~[spring-webmvc-6.2.12.jar:6.2.12]
	at jakarta.servlet.http.HttpServlet.service(HttpServlet.java:590) ~[tomcat-embed-core-10.1.48.jar:6.0]
	at org.springframework.web.servlet.FrameworkServlet.service(FrameworkServlet.java:885) ~[spring-webmvc-6.2.12.jar:6.2.12]
	at jakarta.servlet.http.HttpServlet.service(HttpServlet.java:658) ~[tomcat-embed-core-10.1.48.jar:6.0]
	at org.apache.catalina.core.ApplicationFilterChain.internalDoFilter(ApplicationFilterChain.java:193) ~[tomcat-embed-core-10.1.48.jar:10.1.48]
	at org.apache.catalina.core.ApplicationFilterChain.doFilter(ApplicationFilterChain.java:138) ~[tomcat-embed-core-10.1.48.jar:10.1.48]
	at org.apache.tomcat.websocket.server.WsFilter.doFilter(WsFilter.java:51) ~[tomcat-embed-websocket-10.1.48.jar:10.1.48]
	at org.apache.catalina.core.ApplicationFilterChain.internalDoFilter(ApplicationFilterChain.java:162) ~[tomcat-embed-core-10.1.48.jar:10.1.48]
	at org.apache.catalina.core.ApplicationFilterChain.doFilter(ApplicationFilterChain.java:138) ~[tomcat-embed-core-10.1.48.jar:10.1.48]
	at org.springframework.web.filter.RequestContextFilter.doFilterInternal(RequestContextFilter.java:100) ~[spring-web-6.2.12.jar:6.2.12]
	at org.springframework.web.filter.OncePerRequestFilter.doFilter(OncePerRequestFilter.java:116) ~[spring-web-6.2.12.jar:6.2.12]
	at org.apache.catalina.core.ApplicationFilterChain.internalDoFilter(ApplicationFilterChain.java:162) ~[tomcat-embed-core-10.1.48.jar:10.1.48]
	at org.apache.catalina.core.ApplicationFilterChain.doFilter(ApplicationFilterChain.java:138) ~[tomcat-embed-core-10.1.48.jar:10.1.48]
	at org.springframework.web.filter.FormContentFilter.doFilterInternal(FormContentFilter.java:93) ~[spring-web-6.2.12.jar:6.2.12]
	at org.springframework.web.filter.OncePerRequestFilter.doFilter(OncePerRequestFilter.java:116) ~[spring-web-6.2.12.jar:6.2.12]
	at org.apache.catalina.core.ApplicationFilterChain.internalDoFilter(ApplicationFilterChain.java:162) ~[tomcat-embed-core-10.1.48.jar:10.1.48]
	at org.apache.catalina.core.ApplicationFilterChain.doFilter(ApplicationFilterChain.java:138) ~[tomcat-embed-core-10.1.48.jar:10.1.48]
	at org.springframework.web.filter.CharacterEncodingFilter.doFilterInternal(CharacterEncodingFilter.java:201) ~[spring-web-6.2.12.jar:6.2.12]
	at org.springframework.web.filter.OncePerRequestFilter.doFilter(OncePerRequestFilter.java:116) ~[spring-web-6.2.12.jar:6.2.12]
	at org.apache.catalina.core.ApplicationFilterChain.internalDoFilter(ApplicationFilterChain.java:162) ~[tomcat-embed-core-10.1.48.jar:10.1.48]
	at org.apache.catalina.core.ApplicationFilterChain.doFilter(ApplicationFilterChain.java:138) ~[tomcat-embed-core-10.1.48.jar:10.1.48]
	at org.apache.catalina.core.StandardWrapperValve.invoke(StandardWrapperValve.java:165) ~[tomcat-embed-core-10.1.48.jar:10.1.48]
	at org.apache.catalina.core.StandardContextValve.invoke(StandardContextValve.java:88) ~[tomcat-embed-core-10.1.48.jar:10.1.48]
	at org.apache.catalina.authenticator.AuthenticatorBase.invoke(AuthenticatorBase.java:482) ~[tomcat-embed-core-10.1.48.jar:10.1.48]
	at org.apache.catalina.core.StandardHostValve.invoke(StandardHostValve.java:113) ~[tomcat-embed-core-10.1.48.jar:10.1.48]
	at org.apache.catalina.valves.ErrorReportValve.invoke(ErrorReportValve.java:83) ~[tomcat-embed-core-10.1.48.jar:10.1.48]
	at org.apache.catalina.core.StandardEngineValve.invoke(StandardEngineValve.java:72) ~[tomcat-embed-core-10.1.48.jar:10.1.48]
	at org.apache.catalina.connector.CoyoteAdapter.service(CoyoteAdapter.java:342) ~[tomcat-embed-core-10.1.48.jar:10.1.48]
	at org.apache.coyote.http11.Http11Processor.service(Http11Processor.java:399) ~[tomcat-embed-core-10.1.48.jar:10.1.48]
	at org.apache.coyote.AbstractProcessorLight.process(AbstractProcessorLight.java:63) ~[tomcat-embed-core-10.1.48.jar:10.1.48]
	at org.apache.coyote.AbstractProtocol$ConnectionHandler.process(AbstractProtocol.java:903) ~[tomcat-embed-core-10.1.48.jar:10.1.48]
	at org.apache.tomcat.util.net.NioEndpoint$SocketProcessor.doRun(NioEndpoint.java:1774) ~[tomcat-embed-core-10.1.48.jar:10.1.48]
	at org.apache.tomcat.util.net.SocketProcessorBase.run(SocketProcessorBase.java:52) ~[tomcat-embed-core-10.1.48.jar:10.1.48]
	at org.apache.tomcat.util.threads.ThreadPoolExecutor.runWorker(ThreadPoolExecutor.java:973) ~[tomcat-embed-core-10.1.48.jar:10.1.48]
	at org.apache.tomcat.util.threads.ThreadPoolExecutor$Worker.run(ThreadPoolExecutor.java:491) ~[tomcat-embed-core-10.1.48.jar:10.1.48]
	at org.apache.tomcat.util.threads.TaskThread$WrappingRunnable.run(TaskThread.java:63) ~[tomcat-embed-core-10.1.48.jar:10.1.48]
	at java.base/java.lang.Thread.run(Thread.java:1447) ~[na:na]

2025-11-20T10:50:39.052-03:00  INFO 296 --- [SpringApplicationShutdownHook] o.s.b.w.e.tomcat.GracefulShutdown        : Commencing graceful shutdown. Waiting for active requests to complete
2025-11-20T10:50:39.066-03:00  INFO 296 --- [tomcat-shutdown] o.s.b.w.e.tomcat.GracefulShutdown        : Graceful shutdown complete
2025-11-20T10:50:39.072-03:00  INFO 296 --- [SpringApplicationShutdownHook] j.LocalContainerEntityManagerFactoryBean : Closing JPA EntityManagerFactory for persistence unit 'default'
2025-11-20T10:50:39.076-03:00  INFO 296 --- [SpringApplicationShutdownHook] com.zaxxer.hikari.HikariDataSource       : HikariPool-1 - Shutdown initiated...
2025-11-20T10:50:39.083-03:00  INFO 296 --- [SpringApplicationShutdownHook] com.zaxxer.hikari.HikariDataSource       : HikariPool-1 - Shutdown completed.
2025-11-20T10:50:42.767-03:00  INFO 14012 --- [main] c.q.a.AlmoxarifadoApplication            : Starting AlmoxarifadoApplication using Java 24.0.1 with PID 14012 (C:\Users\mfsco\Documents\Aratech Sistemas\Clientes\qmovi\almoxarifado\almoxarifado\target\classes started by mfsco in C:\Users\mfsco\Documents\Aratech Sistemas\Clientes\qmovi\almoxarifado)
2025-11-20T10:50:42.771-03:00  INFO 14012 --- [main] c.q.a.AlmoxarifadoApplication            : No active profile set, falling back to 1 default profile: "default"
2025-11-20T10:50:44.375-03:00  INFO 14012 --- [main] .s.d.r.c.RepositoryConfigurationDelegate : Bootstrapping Spring Data JPA repositories in DEFAULT mode.
2025-11-20T10:50:44.515-03:00  INFO 14012 --- [main] .s.d.r.c.RepositoryConfigurationDelegate : Finished Spring Data repository scanning in 119 ms. Found 2 JPA repository interfaces.
2025-11-20T10:50:46.046-03:00  INFO 14012 --- [main] o.s.b.w.embedded.tomcat.TomcatWebServer  : Tomcat initialized with port 8080 (http)
2025-11-20T10:50:46.076-03:00  INFO 14012 --- [main] o.apache.catalina.core.StandardService   : Starting service [Tomcat]
2025-11-20T10:50:46.078-03:00  INFO 14012 --- [main] o.apache.catalina.core.StandardEngine    : Starting Servlet engine: [Apache Tomcat/10.1.48]
2025-11-20T10:50:46.293-03:00  INFO 14012 --- [main] o.a.c.c.C.[Tomcat].[localhost].[/]       : Initializing Spring embedded WebApplicationContext
2025-11-20T10:50:46.294-03:00  INFO 14012 --- [main] w.s.c.ServletWebServerApplicationContext : Root WebApplicationContext: initialization completed in 3435 ms
2025-11-20T10:50:47.197-03:00  INFO 14012 --- [main] com.zaxxer.hikari.HikariDataSource       : HikariPool-1 - Starting...
2025-11-20T10:50:47.601-03:00  INFO 14012 --- [main] com.zaxxer.hikari.pool.HikariPool        : HikariPool-1 - Added connection org.postgresql.jdbc.PgConnection@24134cbc
2025-11-20T10:50:47.605-03:00  INFO 14012 --- [main] com.zaxxer.hikari.HikariDataSource       : HikariPool-1 - Start completed.
2025-11-20T10:50:47.651-03:00  INFO 14012 --- [main] org.flywaydb.core.FlywayExecutor         : Database: jdbc:postgresql://localhost:5433/qmovi?sslmode=disable (PostgreSQL 16.10)
2025-11-20T10:50:47.871-03:00  INFO 14012 --- [main] o.f.core.internal.command.DbValidate     : Successfully validated 2 migrations (execution time 00:00.093s)
2025-11-20T10:50:47.948-03:00  INFO 14012 --- [main] o.f.core.internal.command.DbMigrate      : Current version of schema "public": 2
2025-11-20T10:50:47.961-03:00  INFO 14012 --- [main] o.f.core.internal.command.DbMigrate      : Schema "public" is up to date. No migration necessary.
2025-11-20T10:50:48.272-03:00  INFO 14012 --- [main] o.hibernate.jpa.internal.util.LogHelper  : HHH000204: Processing PersistenceUnitInfo [name: default]
2025-11-20T10:50:48.434-03:00  INFO 14012 --- [main] org.hibernate.Version                    : HHH000412: Hibernate ORM core version 6.6.33.Final
2025-11-20T10:50:48.563-03:00  INFO 14012 --- [main] o.h.c.internal.RegionFactoryInitiator    : HHH000026: Second-level cache disabled
2025-11-20T10:50:49.294-03:00  INFO 14012 --- [main] o.s.o.j.p.SpringPersistenceUnitInfo      : No LoadTimeWeaver setup: ignoring JPA class transformer
2025-11-20T10:50:49.483-03:00  INFO 14012 --- [main] org.hibernate.orm.connections.pooling    : HHH10001005: Database info:
	Database JDBC URL [Connecting through datasource 'HikariDataSource (HikariPool-1)']
	Database driver: undefined/unknown
	Database version: 16.10
	Autocommit mode: undefined/unknown
	Isolation level: undefined/unknown
	Minimum pool size: undefined/unknown
	Maximum pool size: undefined/unknown
2025-11-20T10:50:51.400-03:00  INFO 14012 --- [main] o.h.e.t.j.p.i.JtaPlatformInitiator       : HHH000489: No JTA platform available (set 'hibernate.transaction.jta.platform' to enable JTA platform integration)
2025-11-20T10:50:51.481-03:00  INFO 14012 --- [main] j.LocalContainerEntityManagerFactoryBean : Initialized JPA EntityManagerFactory for persistence unit 'default'
2025-11-20T10:50:52.839-03:00  WARN 14012 --- [main] JpaBaseConfiguration$JpaWebConfiguration : spring.jpa.open-in-view is enabled by default. Therefore, database queries may be performed during view rendering. Explicitly configure spring.jpa.open-in-view to disable this warning
2025-11-20T10:50:54.251-03:00  INFO 14012 --- [main] o.s.b.w.embedded.tomcat.TomcatWebServer  : Tomcat started on port 8080 (http) with context path '/'
2025-11-20T10:50:54.273-03:00  INFO 14012 --- [main] c.q.a.AlmoxarifadoApplication            : Started AlmoxarifadoApplication in 12.379 seconds (process running for 13.14)
2025-11-20T10:50:54.281-03:00  WARN 14012 --- [main] o.s.core.events.SpringDocAppInitializer  : SpringDoc /v3/api-docs endpoint is enabled by default. To disable it in production, set the property 'springdoc.api-docs.enabled=false'
2025-11-20T10:50:54.282-03:00  WARN 14012 --- [main] o.s.core.events.SpringDocAppInitializer  : SpringDoc /swagger-ui.html endpoint is enabled by default. To disable it in production, set the property 'springdoc.swagger-ui.enabled=false'
2025-11-20T10:52:08.831-03:00  INFO 14012 --- [http-nio-8080-exec-2] o.a.c.c.C.[Tomcat].[localhost].[/]       : Initializing Spring DispatcherServlet 'dispatcherServlet'
2025-11-20T10:52:08.832-03:00  INFO 14012 --- [http-nio-8080-exec-2] o.s.web.servlet.DispatcherServlet        : Initializing Servlet 'dispatcherServlet'
2025-11-20T10:52:08.833-03:00  INFO 14012 --- [http-nio-8080-exec-2] o.s.web.servlet.DispatcherServlet        : Completed initialization in 1 ms
2025-11-20T11:03:01.011-03:00  INFO 14012 --- [SpringApplicationShutdownHook] o.s.b.w.e.tomcat.GracefulShutdown        : Commencing graceful shutdown. Waiting for active requests to complete
2025-11-20T11:03:01.030-03:00  INFO 14012 --- [tomcat-shutdown] o.s.b.w.e.tomcat.GracefulShutdown        : Graceful shutdown complete
2025-11-20T11:03:01.036-03:00  INFO 14012 --- [SpringApplicationShutdownHook] j.LocalContainerEntityManagerFactoryBean : Closing JPA EntityManagerFactory for persistence unit 'default'
2025-11-20T11:03:01.039-03:00  INFO 14012 --- [SpringApplicationShutdownHook] com.zaxxer.hikari.HikariDataSource       : HikariPool-1 - Shutdown initiated...
2025-11-20T11:03:01.047-03:00  INFO 14012 --- [SpringApplicationShutdownHook] com.zaxxer.hikari.HikariDataSource       : HikariPool-1 - Shutdown completed.
2025-11-20T11:03:50.415-03:00  INFO 424 --- [main] c.q.a.AlmoxarifadoApplication            : Starting AlmoxarifadoApplication using Java 24.0.1 with PID 424 (C:\Users\mfsco\Documents\Aratech Sistemas\Clientes\qmovi\almoxarifado\almoxarifado\target\classes started by mfsco in C:\Users\mfsco\Documents\Aratech Sistemas\Clientes\qmovi\almoxarifado)
2025-11-20T11:03:50.419-03:00  INFO 424 --- [main] c.q.a.AlmoxarifadoApplication            : No active profile set, falling back to 1 default profile: "default"
2025-11-20T11:03:51.745-03:00  INFO 424 --- [main] .s.d.r.c.RepositoryConfigurationDelegate : Bootstrapping Spring Data JPA repositories in DEFAULT mode.
2025-11-20T11:03:51.852-03:00  INFO 424 --- [main] .s.d.r.c.RepositoryConfigurationDelegate : Finished Spring Data repository scanning in 87 ms. Found 2 JPA repository interfaces.
2025-11-20T11:03:52.775-03:00  INFO 424 --- [main] o.s.b.w.embedded.tomcat.TomcatWebServer  : Tomcat initialized with port 8080 (http)
2025-11-20T11:03:52.802-03:00  INFO 424 --- [main] o.apache.catalina.core.StandardService   : Starting service [Tomcat]
2025-11-20T11:03:52.802-03:00  INFO 424 --- [main] o.apache.catalina.core.StandardEngine    : Starting Servlet engine: [Apache Tomcat/10.1.48]
2025-11-20T11:03:52.898-03:00  INFO 424 --- [main] o.a.c.c.C.[Tomcat].[localhost].[/]       : Initializing Spring embedded WebApplicationContext
2025-11-20T11:03:52.898-03:00  INFO 424 --- [main] w.s.c.ServletWebServerApplicationContext : Root WebApplicationContext: initialization completed in 2398 ms
2025-11-20T11:03:53.412-03:00  INFO 424 --- [main] com.zaxxer.hikari.HikariDataSource       : HikariPool-1 - Starting...
2025-11-20T11:03:53.651-03:00  INFO 424 --- [main] com.zaxxer.hikari.pool.HikariPool        : HikariPool-1 - Added connection org.postgresql.jdbc.PgConnection@637c840d
2025-11-20T11:03:53.653-03:00  INFO 424 --- [main] com.zaxxer.hikari.HikariDataSource       : HikariPool-1 - Start completed.
2025-11-20T11:03:53.685-03:00  INFO 424 --- [main] org.flywaydb.core.FlywayExecutor         : Database: jdbc:postgresql://localhost:5433/qmovi?sslmode=disable (PostgreSQL 16.10)
2025-11-20T11:03:53.815-03:00  INFO 424 --- [main] o.f.core.internal.command.DbValidate     : Successfully validated 2 migrations (execution time 00:00.056s)
2025-11-20T11:03:53.864-03:00  INFO 424 --- [main] o.f.core.internal.command.DbMigrate      : Current version of schema "public": 2
2025-11-20T11:03:53.879-03:00  INFO 424 --- [main] o.f.core.internal.command.DbMigrate      : Schema "public" is up to date. No migration necessary.
2025-11-20T11:03:54.089-03:00  INFO 424 --- [main] o.hibernate.jpa.internal.util.LogHelper  : HHH000204: Processing PersistenceUnitInfo [name: default]
2025-11-20T11:03:54.170-03:00  INFO 424 --- [main] org.hibernate.Version                    : HHH000412: Hibernate ORM core version 6.6.33.Final
2025-11-20T11:03:54.236-03:00  INFO 424 --- [main] o.h.c.internal.RegionFactoryInitiator    : HHH000026: Second-level cache disabled
2025-11-20T11:03:54.591-03:00  INFO 424 --- [main] o.s.o.j.p.SpringPersistenceUnitInfo      : No LoadTimeWeaver setup: ignoring JPA class transformer
2025-11-20T11:03:54.681-03:00  INFO 424 --- [main] org.hibernate.orm.connections.pooling    : HHH10001005: Database info:
	Database JDBC URL [Connecting through datasource 'HikariDataSource (HikariPool-1)']
	Database driver: undefined/unknown
	Database version: 16.10
	Autocommit mode: undefined/unknown
	Isolation level: undefined/unknown
	Minimum pool size: undefined/unknown
	Maximum pool size: undefined/unknown
2025-11-20T11:03:55.641-03:00  INFO 424 --- [main] o.h.e.t.j.p.i.JtaPlatformInitiator       : HHH000489: No JTA platform available (set 'hibernate.transaction.jta.platform' to enable JTA platform integration)
2025-11-20T11:03:55.685-03:00  INFO 424 --- [main] j.LocalContainerEntityManagerFactoryBean : Initialized JPA EntityManagerFactory for persistence unit 'default'
2025-11-20T11:03:56.468-03:00  WARN 424 --- [main] JpaBaseConfiguration$JpaWebConfiguration : spring.jpa.open-in-view is enabled by default. Therefore, database queries may be performed during view rendering. Explicitly configure spring.jpa.open-in-view to disable this warning
2025-11-20T11:03:57.183-03:00  INFO 424 --- [main] o.s.b.w.embedded.tomcat.TomcatWebServer  : Tomcat started on port 8080 (http) with context path '/'
2025-11-20T11:03:57.204-03:00  INFO 424 --- [main] c.q.a.AlmoxarifadoApplication            : Started AlmoxarifadoApplication in 7.667 seconds (process running for 8.539)
2025-11-20T11:03:57.210-03:00  WARN 424 --- [main] o.s.core.events.SpringDocAppInitializer  : SpringDoc /v3/api-docs endpoint is enabled by default. To disable it in production, set the property 'springdoc.api-docs.enabled=false'
2025-11-20T11:03:57.210-03:00  WARN 424 --- [main] o.s.core.events.SpringDocAppInitializer  : SpringDoc /swagger-ui.html endpoint is enabled by default. To disable it in production, set the property 'springdoc.swagger-ui.enabled=false'
2025-11-20T11:21:07.230-03:00  INFO 424 --- [SpringApplicationShutdownHook] o.s.b.w.e.tomcat.GracefulShutdown        : Commencing graceful shutdown. Waiting for active requests to complete
2025-11-20T11:21:07.246-03:00  INFO 424 --- [tomcat-shutdown] o.s.b.w.e.tomcat.GracefulShutdown        : Graceful shutdown complete
2025-11-20T11:21:07.250-03:00  INFO 424 --- [SpringApplicationShutdownHook] j.LocalContainerEntityManagerFactoryBean : Closing JPA EntityManagerFactory for persistence unit 'default'
2025-11-20T11:21:07.252-03:00  INFO 424 --- [SpringApplicationShutdownHook] com.zaxxer.hikari.HikariDataSource       : HikariPool-1 - Shutdown initiated...
2025-11-20T11:21:07.257-03:00  INFO 424 --- [SpringApplicationShutdownHook] com.zaxxer.hikari.HikariDataSource       : HikariPool-1 - Shutdown completed.
2025-11-20T14:27:06.597-03:00  INFO 8460 --- [main] c.q.a.AlmoxarifadoApplication            : Starting AlmoxarifadoApplication using Java 24.0.1 with PID 8460 (C:\Users\mfsco\Documents\Aratech Sistemas\Clientes\qmovi\almoxarifado\almoxarifado\target\classes started by mfsco in C:\Users\mfsco\Documents\Aratech Sistemas\Clientes\qmovi\almoxarifado)
2025-11-20T14:27:06.599-03:00  INFO 8460 --- [main] c.q.a.AlmoxarifadoApplication            : No active profile set, falling back to 1 default profile: "default"
2025-11-20T14:27:08.225-03:00  INFO 8460 --- [main] .s.d.r.c.RepositoryConfigurationDelegate : Bootstrapping Spring Data JPA repositories in DEFAULT mode.
2025-11-20T14:27:08.375-03:00  INFO 8460 --- [main] .s.d.r.c.RepositoryConfigurationDelegate : Finished Spring Data repository scanning in 127 ms. Found 2 JPA repository interfaces.
2025-11-20T14:27:09.453-03:00  INFO 8460 --- [main] o.s.b.w.embedded.tomcat.TomcatWebServer  : Tomcat initialized with port 8080 (http)
2025-11-20T14:27:09.489-03:00  INFO 8460 --- [main] o.apache.catalina.core.StandardService   : Starting service [Tomcat]
2025-11-20T14:27:09.490-03:00  INFO 8460 --- [main] o.apache.catalina.core.StandardEngine    : Starting Servlet engine: [Apache Tomcat/10.1.48]
2025-11-20T14:27:09.615-03:00  INFO 8460 --- [main] o.a.c.c.C.[Tomcat].[localhost].[/]       : Initializing Spring embedded WebApplicationContext
2025-11-20T14:27:09.616-03:00  INFO 8460 --- [main] w.s.c.ServletWebServerApplicationContext : Root WebApplicationContext: initialization completed in 2938 ms
2025-11-20T14:27:10.312-03:00  INFO 8460 --- [main] com.zaxxer.hikari.HikariDataSource       : HikariPool-1 - Starting...
2025-11-20T14:27:10.661-03:00  INFO 8460 --- [main] com.zaxxer.hikari.pool.HikariPool        : HikariPool-1 - Added connection org.postgresql.jdbc.PgConnection@7c0df4ab
2025-11-20T14:27:10.666-03:00  INFO 8460 --- [main] com.zaxxer.hikari.HikariDataSource       : HikariPool-1 - Start completed.
2025-11-20T14:27:10.729-03:00  INFO 8460 --- [main] org.flywaydb.core.FlywayExecutor         : Database: jdbc:postgresql://localhost:5433/qmovi?sslmode=disable (PostgreSQL 16.10)
2025-11-20T14:27:11.060-03:00  INFO 8460 --- [main] o.f.core.internal.command.DbValidate     : Successfully validated 2 migrations (execution time 00:00.137s)
2025-11-20T14:27:11.148-03:00  INFO 8460 --- [main] o.f.core.internal.command.DbMigrate      : Current version of schema "public": 2
2025-11-20T14:27:11.163-03:00  INFO 8460 --- [main] o.f.core.internal.command.DbMigrate      : Schema "public" is up to date. No migration necessary.
2025-11-20T14:27:11.419-03:00  INFO 8460 --- [main] o.hibernate.jpa.internal.util.LogHelper  : HHH000204: Processing PersistenceUnitInfo [name: default]
2025-11-20T14:27:11.504-03:00  INFO 8460 --- [main] org.hibernate.Version                    : HHH000412: Hibernate ORM core version 6.6.33.Final
2025-11-20T14:27:11.560-03:00  INFO 8460 --- [main] o.h.c.internal.RegionFactoryInitiator    : HHH000026: Second-level cache disabled
2025-11-20T14:27:12.091-03:00  INFO 8460 --- [main] o.s.o.j.p.SpringPersistenceUnitInfo      : No LoadTimeWeaver setup: ignoring JPA class transformer
2025-11-20T14:27:12.331-03:00  INFO 8460 --- [main] org.hibernate.orm.connections.pooling    : HHH10001005: Database info:
	Database JDBC URL [Connecting through datasource 'HikariDataSource (HikariPool-1)']
	Database driver: undefined/unknown
	Database version: 16.10
	Autocommit mode: undefined/unknown
	Isolation level: undefined/unknown
	Minimum pool size: undefined/unknown
	Maximum pool size: undefined/unknown
2025-11-20T14:27:13.777-03:00  INFO 8460 --- [main] o.h.e.t.j.p.i.JtaPlatformInitiator       : HHH000489: No JTA platform available (set 'hibernate.transaction.jta.platform' to enable JTA platform integration)
2025-11-20T14:27:13.834-03:00  INFO 8460 --- [main] j.LocalContainerEntityManagerFactoryBean : Initialized JPA EntityManagerFactory for persistence unit 'default'
2025-11-20T14:27:15.119-03:00  WARN 8460 --- [main] JpaBaseConfiguration$JpaWebConfiguration : spring.jpa.open-in-view is enabled by default. Therefore, database queries may be performed during view rendering. Explicitly configure spring.jpa.open-in-view to disable this warning
2025-11-20T14:27:16.123-03:00  INFO 8460 --- [main] o.s.b.w.embedded.tomcat.TomcatWebServer  : Tomcat started on port 8080 (http) with context path '/'
2025-11-20T14:27:16.141-03:00  INFO 8460 --- [main] c.q.a.AlmoxarifadoApplication            : Started AlmoxarifadoApplication in 10.663 seconds (process running for 12.394)
2025-11-20T14:27:16.149-03:00  WARN 8460 --- [main] o.s.core.events.SpringDocAppInitializer  : SpringDoc /v3/api-docs endpoint is enabled by default. To disable it in production, set the property 'springdoc.api-docs.enabled=false'
2025-11-20T14:27:16.149-03:00  WARN 8460 --- [main] o.s.core.events.SpringDocAppInitializer  : SpringDoc /swagger-ui.html endpoint is enabled by default. To disable it in production, set the property 'springdoc.swagger-ui.enabled=false'
2025-11-20T14:27:23.707-03:00  INFO 8460 --- [http-nio-8080-exec-2] o.a.c.c.C.[Tomcat].[localhost].[/]       : Initializing Spring DispatcherServlet 'dispatcherServlet'
2025-11-20T14:27:23.707-03:00  INFO 8460 --- [http-nio-8080-exec-2] o.s.web.servlet.DispatcherServlet        : Initializing Servlet 'dispatcherServlet'
2025-11-20T14:27:23.710-03:00  INFO 8460 --- [http-nio-8080-exec-2] o.s.web.servlet.DispatcherServlet        : Completed initialization in 3 ms
2025-11-20T14:28:20.940-03:00  WARN 8460 --- [HikariPool-1:housekeeper] com.zaxxer.hikari.pool.HikariPool        : HikariPool-1 - Thread starvation or clock leap detected (housekeeper delta=1m10s168ms93µs800ns).
2025-11-20T14:28:35.805-03:00  INFO 8460 --- [SpringApplicationShutdownHook] o.s.b.w.e.tomcat.GracefulShutdown        : Commencing graceful shutdown. Waiting for active requests to complete
2025-11-20T14:28:36.781-03:00  INFO 8460 --- [tomcat-shutdown] o.s.b.w.e.tomcat.GracefulShutdown        : Graceful shutdown complete
2025-11-20T14:28:36.789-03:00  INFO 8460 --- [SpringApplicationShutdownHook] j.LocalContainerEntityManagerFactoryBean : Closing JPA EntityManagerFactory for persistence unit 'default'
2025-11-20T14:28:36.793-03:00  INFO 8460 --- [SpringApplicationShutdownHook] com.zaxxer.hikari.HikariDataSource       : HikariPool-1 - Shutdown initiated...
2025-11-20T14:28:36.803-03:00  INFO 8460 --- [SpringApplicationShutdownHook] com.zaxxer.hikari.HikariDataSource       : HikariPool-1 - Shutdown completed.
2025-11-20T14:28:40.715-03:00  INFO 18504 --- [main] c.q.a.AlmoxarifadoApplication            : Starting AlmoxarifadoApplication using Java 24.0.1 with PID 18504 (C:\Users\mfsco\Documents\Aratech Sistemas\Clientes\qmovi\almoxarifado\almoxarifado\target\classes started by mfsco in C:\Users\mfsco\Documents\Aratech Sistemas\Clientes\qmovi\almoxarifado)
2025-11-20T14:28:40.719-03:00  INFO 18504 --- [main] c.q.a.AlmoxarifadoApplication            : No active profile set, falling back to 1 default profile: "default"
2025-11-20T14:28:42.221-03:00  INFO 18504 --- [main] .s.d.r.c.RepositoryConfigurationDelegate : Bootstrapping Spring Data JPA repositories in DEFAULT mode.
2025-11-20T14:28:42.385-03:00  INFO 18504 --- [main] .s.d.r.c.RepositoryConfigurationDelegate : Finished Spring Data repository scanning in 145 ms. Found 2 JPA repository interfaces.
2025-11-20T14:28:43.455-03:00  INFO 18504 --- [main] o.s.b.w.embedded.tomcat.TomcatWebServer  : Tomcat initialized with port 8080 (http)
2025-11-20T14:28:43.477-03:00  INFO 18504 --- [main] o.apache.catalina.core.StandardService   : Starting service [Tomcat]
2025-11-20T14:28:43.478-03:00  INFO 18504 --- [main] o.apache.catalina.core.StandardEngine    : Starting Servlet engine: [Apache Tomcat/10.1.48]
2025-11-20T14:28:43.607-03:00  INFO 18504 --- [main] o.a.c.c.C.[Tomcat].[localhost].[/]       : Initializing Spring embedded WebApplicationContext
2025-11-20T14:28:43.608-03:00  INFO 18504 --- [main] w.s.c.ServletWebServerApplicationContext : Root WebApplicationContext: initialization completed in 2802 ms
2025-11-20T14:28:44.305-03:00  INFO 18504 --- [main] com.zaxxer.hikari.HikariDataSource       : HikariPool-1 - Starting...
2025-11-20T14:28:44.616-03:00  INFO 18504 --- [main] com.zaxxer.hikari.pool.HikariPool        : HikariPool-1 - Added connection org.postgresql.jdbc.PgConnection@267891bf
2025-11-20T14:28:44.619-03:00  INFO 18504 --- [main] com.zaxxer.hikari.HikariDataSource       : HikariPool-1 - Start completed.
2025-11-20T14:28:44.653-03:00  INFO 18504 --- [main] org.flywaydb.core.FlywayExecutor         : Database: jdbc:postgresql://localhost:5433/qmovi?sslmode=disable (PostgreSQL 16.10)
2025-11-20T14:28:44.780-03:00  INFO 18504 --- [main] o.f.core.internal.command.DbValidate     : Successfully validated 2 migrations (execution time 00:00.056s)
2025-11-20T14:28:44.828-03:00  INFO 18504 --- [main] o.f.core.internal.command.DbMigrate      : Current version of schema "public": 2
2025-11-20T14:28:44.840-03:00  INFO 18504 --- [main] o.f.core.internal.command.DbMigrate      : Schema "public" is up to date. No migration necessary.
2025-11-20T14:28:45.061-03:00  INFO 18504 --- [main] o.hibernate.jpa.internal.util.LogHelper  : HHH000204: Processing PersistenceUnitInfo [name: default]
2025-11-20T14:28:45.182-03:00  INFO 18504 --- [main] org.hibernate.Version                    : HHH000412: Hibernate ORM core version 6.6.33.Final
2025-11-20T14:28:45.263-03:00  INFO 18504 --- [main] o.h.c.internal.RegionFactoryInitiator    : HHH000026: Second-level cache disabled
2025-11-20T14:28:45.773-03:00  INFO 18504 --- [main] o.s.o.j.p.SpringPersistenceUnitInfo      : No LoadTimeWeaver setup: ignoring JPA class transformer
2025-11-20T14:28:45.948-03:00  INFO 18504 --- [main] org.hibernate.orm.connections.pooling    : HHH10001005: Database info:
	Database JDBC URL [Connecting through datasource 'HikariDataSource (HikariPool-1)']
	Database driver: undefined/unknown
	Database version: 16.10
	Autocommit mode: undefined/unknown
	Isolation level: undefined/unknown
	Minimum pool size: undefined/unknown
	Maximum pool size: undefined/unknown
2025-11-20T14:28:47.121-03:00  INFO 18504 --- [main] o.h.e.t.j.p.i.JtaPlatformInitiator       : HHH000489: No JTA platform available (set 'hibernate.transaction.jta.platform' to enable JTA platform integration)
2025-11-20T14:28:47.164-03:00  INFO 18504 --- [main] j.LocalContainerEntityManagerFactoryBean : Initialized JPA EntityManagerFactory for persistence unit 'default'
2025-11-20T14:28:48.190-03:00  WARN 18504 --- [main] JpaBaseConfiguration$JpaWebConfiguration : spring.jpa.open-in-view is enabled by default. Therefore, database queries may be performed during view rendering. Explicitly configure spring.jpa.open-in-view to disable this warning
2025-11-20T14:28:49.317-03:00  INFO 18504 --- [main] o.s.b.w.embedded.tomcat.TomcatWebServer  : Tomcat started on port 8080 (http) with context path '/'
2025-11-20T14:28:49.339-03:00  INFO 18504 --- [main] c.q.a.AlmoxarifadoApplication            : Started AlmoxarifadoApplication in 9.805 seconds (process running for 10.885)
2025-11-20T14:28:49.347-03:00  WARN 18504 --- [main] o.s.core.events.SpringDocAppInitializer  : SpringDoc /v3/api-docs endpoint is enabled by default. To disable it in production, set the property 'springdoc.api-docs.enabled=false'
2025-11-20T14:28:49.349-03:00  WARN 18504 --- [main] o.s.core.events.SpringDocAppInitializer  : SpringDoc /swagger-ui.html endpoint is enabled by default. To disable it in production, set the property 'springdoc.swagger-ui.enabled=false'
2025-11-20T14:29:01.555-03:00  INFO 18504 --- [http-nio-8080-exec-4] o.a.c.c.C.[Tomcat].[localhost].[/]       : Initializing Spring DispatcherServlet 'dispatcherServlet'
2025-11-20T14:29:01.556-03:00  INFO 18504 --- [http-nio-8080-exec-4] o.s.web.servlet.DispatcherServlet        : Initializing Servlet 'dispatcherServlet'
2025-11-20T14:29:01.560-03:00  INFO 18504 --- [http-nio-8080-exec-4] o.s.web.servlet.DispatcherServlet        : Completed initialization in 3 ms
2025-11-20T14:29:24.044-03:00  INFO 18504 --- [SpringApplicationShutdownHook] o.s.b.w.e.tomcat.GracefulShutdown        : Commencing graceful shutdown. Waiting for active requests to complete
2025-11-20T14:29:24.913-03:00  INFO 18504 --- [tomcat-shutdown] o.s.b.w.e.tomcat.GracefulShutdown        : Graceful shutdown complete
2025-11-20T14:29:24.918-03:00  INFO 18504 --- [SpringApplicationShutdownHook] j.LocalContainerEntityManagerFactoryBean : Closing JPA EntityManagerFactory for persistence unit 'default'
2025-11-20T14:29:24.922-03:00  INFO 18504 --- [SpringApplicationShutdownHook] com.zaxxer.hikari.HikariDataSource       : HikariPool-1 - Shutdown initiated...
2025-11-20T14:29:24.929-03:00  INFO 18504 --- [SpringApplicationShutdownHook] com.zaxxer.hikari.HikariDataSource       : HikariPool-1 - Shutdown completed.
2025-11-20T14:29:29.400-03:00  INFO 29748 --- [main] c.q.a.AlmoxarifadoApplication            : Starting AlmoxarifadoApplication using Java 24.0.1 with PID 29748 (C:\Users\mfsco\Documents\Aratech Sistemas\Clientes\qmovi\almoxarifado\almoxarifado\target\classes started by mfsco in C:\Users\mfsco\Documents\Aratech Sistemas\Clientes\qmovi\almoxarifado)
2025-11-20T14:29:29.405-03:00  INFO 29748 --- [main] c.q.a.AlmoxarifadoApplication            : No active profile set, falling back to 1 default profile: "default"
2025-11-20T14:29:31.692-03:00  INFO 29748 --- [main] .s.d.r.c.RepositoryConfigurationDelegate : Bootstrapping Spring Data JPA repositories in DEFAULT mode.
2025-11-20T14:29:31.871-03:00  INFO 29748 --- [main] .s.d.r.c.RepositoryConfigurationDelegate : Finished Spring Data repository scanning in 153 ms. Found 2 JPA repository interfaces.
2025-11-20T14:29:33.496-03:00  INFO 29748 --- [main] o.s.b.w.embedded.tomcat.TomcatWebServer  : Tomcat initialized with port 8080 (http)
2025-11-20T14:29:33.558-03:00  INFO 29748 --- [main] o.apache.catalina.core.StandardService   : Starting service [Tomcat]
2025-11-20T14:29:33.559-03:00  INFO 29748 --- [main] o.apache.catalina.core.StandardEngine    : Starting Servlet engine: [Apache Tomcat/10.1.48]
2025-11-20T14:29:33.803-03:00  INFO 29748 --- [main] o.a.c.c.C.[Tomcat].[localhost].[/]       : Initializing Spring embedded WebApplicationContext
2025-11-20T14:29:33.803-03:00  INFO 29748 --- [main] w.s.c.ServletWebServerApplicationContext : Root WebApplicationContext: initialization completed in 4294 ms
2025-11-20T14:29:34.625-03:00  INFO 29748 --- [main] com.zaxxer.hikari.HikariDataSource       : HikariPool-1 - Starting...
2025-11-20T14:29:35.134-03:00  INFO 29748 --- [main] com.zaxxer.hikari.pool.HikariPool        : HikariPool-1 - Added connection org.postgresql.jdbc.PgConnection@2b441e56
2025-11-20T14:29:35.138-03:00  INFO 29748 --- [main] com.zaxxer.hikari.HikariDataSource       : HikariPool-1 - Start completed.
2025-11-20T14:29:35.201-03:00  INFO 29748 --- [main] org.flywaydb.core.FlywayExecutor         : Database: jdbc:postgresql://localhost:5433/qmovi?sslmode=disable (PostgreSQL 16.10)
2025-11-20T14:29:35.419-03:00  INFO 29748 --- [main] o.f.core.internal.command.DbValidate     : Successfully validated 2 migrations (execution time 00:00.094s)
2025-11-20T14:29:35.472-03:00  INFO 29748 --- [main] o.f.core.internal.command.DbMigrate      : Current version of schema "public": 2
2025-11-20T14:29:35.485-03:00  INFO 29748 --- [main] o.f.core.internal.command.DbMigrate      : Schema "public" is up to date. No migration necessary.
2025-11-20T14:29:35.695-03:00  INFO 29748 --- [main] o.hibernate.jpa.internal.util.LogHelper  : HHH000204: Processing PersistenceUnitInfo [name: default]
2025-11-20T14:29:35.838-03:00  INFO 29748 --- [main] org.hibernate.Version                    : HHH000412: Hibernate ORM core version 6.6.33.Final
2025-11-20T14:29:35.959-03:00  INFO 29748 --- [main] o.h.c.internal.RegionFactoryInitiator    : HHH000026: Second-level cache disabled
2025-11-20T14:29:36.761-03:00  INFO 29748 --- [main] o.s.o.j.p.SpringPersistenceUnitInfo      : No LoadTimeWeaver setup: ignoring JPA class transformer
2025-11-20T14:29:37.029-03:00  INFO 29748 --- [main] org.hibernate.orm.connections.pooling    : HHH10001005: Database info:
	Database JDBC URL [Connecting through datasource 'HikariDataSource (HikariPool-1)']
	Database driver: undefined/unknown
	Database version: 16.10
	Autocommit mode: undefined/unknown
	Isolation level: undefined/unknown
	Minimum pool size: undefined/unknown
	Maximum pool size: undefined/unknown
2025-11-20T14:29:39.259-03:00  INFO 29748 --- [main] o.h.e.t.j.p.i.JtaPlatformInitiator       : HHH000489: No JTA platform available (set 'hibernate.transaction.jta.platform' to enable JTA platform integration)
2025-11-20T14:29:39.355-03:00  INFO 29748 --- [main] j.LocalContainerEntityManagerFactoryBean : Initialized JPA EntityManagerFactory for persistence unit 'default'
2025-11-20T14:29:40.800-03:00  WARN 29748 --- [main] JpaBaseConfiguration$JpaWebConfiguration : spring.jpa.open-in-view is enabled by default. Therefore, database queries may be performed during view rendering. Explicitly configure spring.jpa.open-in-view to disable this warning
2025-11-20T14:29:42.028-03:00  INFO 29748 --- [main] o.s.b.w.embedded.tomcat.TomcatWebServer  : Tomcat started on port 8080 (http) with context path '/'
2025-11-20T14:29:42.056-03:00  INFO 29748 --- [main] c.q.a.AlmoxarifadoApplication            : Started AlmoxarifadoApplication in 13.989 seconds (process running for 15.424)
2025-11-20T14:29:42.062-03:00  WARN 29748 --- [main] o.s.core.events.SpringDocAppInitializer  : SpringDoc /v3/api-docs endpoint is enabled by default. To disable it in production, set the property 'springdoc.api-docs.enabled=false'
2025-11-20T14:29:42.063-03:00  WARN 29748 --- [main] o.s.core.events.SpringDocAppInitializer  : SpringDoc /swagger-ui.html endpoint is enabled by default. To disable it in production, set the property 'springdoc.swagger-ui.enabled=false'
2025-11-20T14:40:17.050-03:00  INFO 29748 --- [SpringApplicationShutdownHook] o.s.b.w.e.tomcat.GracefulShutdown        : Commencing graceful shutdown. Waiting for active requests to complete
2025-11-20T14:40:17.068-03:00  INFO 29748 --- [tomcat-shutdown] o.s.b.w.e.tomcat.GracefulShutdown        : Graceful shutdown complete
2025-11-20T14:40:17.073-03:00  INFO 29748 --- [SpringApplicationShutdownHook] j.LocalContainerEntityManagerFactoryBean : Closing JPA EntityManagerFactory for persistence unit 'default'
2025-11-20T14:40:17.076-03:00  INFO 29748 --- [SpringApplicationShutdownHook] com.zaxxer.hikari.HikariDataSource       : HikariPool-1 - Shutdown initiated...
2025-11-20T14:40:17.084-03:00  INFO 29748 --- [SpringApplicationShutdownHook] com.zaxxer.hikari.HikariDataSource       : HikariPool-1 - Shutdown completed.
2025-11-20T14:40:23.964-03:00  INFO 30060 --- [main] c.q.a.AlmoxarifadoApplication            : Starting AlmoxarifadoApplication using Java 24.0.1 with PID 30060 (C:\Users\mfsco\Documents\Aratech Sistemas\Clientes\qmovi\almoxarifado\almoxarifado\target\classes started by mfsco in C:\Users\mfsco\Documents\Aratech Sistemas\Clientes\qmovi\almoxarifado)
2025-11-20T14:40:23.971-03:00  INFO 30060 --- [main] c.q.a.AlmoxarifadoApplication            : No active profile set, falling back to 1 default profile: "default"
2025-11-20T14:40:25.808-03:00  INFO 30060 --- [main] .s.d.r.c.RepositoryConfigurationDelegate : Bootstrapping Spring Data JPA repositories in DEFAULT mode.
2025-11-20T14:40:25.953-03:00  INFO 30060 --- [main] .s.d.r.c.RepositoryConfigurationDelegate : Finished Spring Data repository scanning in 122 ms. Found 2 JPA repository interfaces.
2025-11-20T14:40:27.225-03:00  INFO 30060 --- [main] o.s.b.w.embedded.tomcat.TomcatWebServer  : Tomcat initialized with port 8080 (http)
2025-11-20T14:40:27.247-03:00  INFO 30060 --- [main] o.apache.catalina.core.StandardService   : Starting service [Tomcat]
2025-11-20T14:40:27.248-03:00  INFO 30060 --- [main] o.apache.catalina.core.StandardEngine    : Starting Servlet engine: [Apache Tomcat/10.1.48]
2025-11-20T14:40:27.356-03:00  INFO 30060 --- [main] o.a.c.c.C.[Tomcat].[localhost].[/]       : Initializing Spring embedded WebApplicationContext
2025-11-20T14:40:27.356-03:00  INFO 30060 --- [main] w.s.c.ServletWebServerApplicationContext : Root WebApplicationContext: initialization completed in 3283 ms
2025-11-20T14:40:28.039-03:00  INFO 30060 --- [main] com.zaxxer.hikari.HikariDataSource       : HikariPool-1 - Starting...
2025-11-20T14:40:28.432-03:00  INFO 30060 --- [main] com.zaxxer.hikari.pool.HikariPool        : HikariPool-1 - Added connection org.postgresql.jdbc.PgConnection@61a87366
2025-11-20T14:40:28.436-03:00  INFO 30060 --- [main] com.zaxxer.hikari.HikariDataSource       : HikariPool-1 - Start completed.
2025-11-20T14:40:28.466-03:00  INFO 30060 --- [main] org.flywaydb.core.FlywayExecutor         : Database: jdbc:postgresql://localhost:5433/qmovi?sslmode=disable (PostgreSQL 16.10)
2025-11-20T14:40:28.596-03:00  INFO 30060 --- [main] o.f.core.internal.command.DbValidate     : Successfully validated 2 migrations (execution time 00:00.052s)
2025-11-20T14:40:28.641-03:00  INFO 30060 --- [main] o.f.core.internal.command.DbMigrate      : Current version of schema "public": 2
2025-11-20T14:40:28.652-03:00  INFO 30060 --- [main] o.f.core.internal.command.DbMigrate      : Schema "public" is up to date. No migration necessary.
2025-11-20T14:40:28.852-03:00  INFO 30060 --- [main] o.hibernate.jpa.internal.util.LogHelper  : HHH000204: Processing PersistenceUnitInfo [name: default]
2025-11-20T14:40:28.976-03:00  INFO 30060 --- [main] org.hibernate.Version                    : HHH000412: Hibernate ORM core version 6.6.33.Final
2025-11-20T14:40:29.065-03:00  INFO 30060 --- [main] o.h.c.internal.RegionFactoryInitiator    : HHH000026: Second-level cache disabled
2025-11-20T14:40:29.745-03:00  INFO 30060 --- [main] o.s.o.j.p.SpringPersistenceUnitInfo      : No LoadTimeWeaver setup: ignoring JPA class transformer
2025-11-20T14:40:29.906-03:00  INFO 30060 --- [main] org.hibernate.orm.connections.pooling    : HHH10001005: Database info:
	Database JDBC URL [Connecting through datasource 'HikariDataSource (HikariPool-1)']
	Database driver: undefined/unknown
	Database version: 16.10
	Autocommit mode: undefined/unknown
	Isolation level: undefined/unknown
	Minimum pool size: undefined/unknown
	Maximum pool size: undefined/unknown
2025-11-20T14:40:31.071-03:00  INFO 30060 --- [main] o.h.e.t.j.p.i.JtaPlatformInitiator       : HHH000489: No JTA platform available (set 'hibernate.transaction.jta.platform' to enable JTA platform integration)
2025-11-20T14:40:31.121-03:00  INFO 30060 --- [main] j.LocalContainerEntityManagerFactoryBean : Initialized JPA EntityManagerFactory for persistence unit 'default'
2025-11-20T14:40:32.084-03:00  WARN 30060 --- [main] JpaBaseConfiguration$JpaWebConfiguration : spring.jpa.open-in-view is enabled by default. Therefore, database queries may be performed during view rendering. Explicitly configure spring.jpa.open-in-view to disable this warning
2025-11-20T14:40:33.009-03:00  INFO 30060 --- [main] o.s.b.w.embedded.tomcat.TomcatWebServer  : Tomcat started on port 8080 (http) with context path '/'
2025-11-20T14:40:33.026-03:00  INFO 30060 --- [main] c.q.a.AlmoxarifadoApplication            : Started AlmoxarifadoApplication in 10.378 seconds (process running for 11.443)
2025-11-20T14:40:33.031-03:00  WARN 30060 --- [main] o.s.core.events.SpringDocAppInitializer  : SpringDoc /v3/api-docs endpoint is enabled by default. To disable it in production, set the property 'springdoc.api-docs.enabled=false'
2025-11-20T14:40:33.032-03:00  WARN 30060 --- [main] o.s.core.events.SpringDocAppInitializer  : SpringDoc /swagger-ui.html endpoint is enabled by default. To disable it in production, set the property 'springdoc.swagger-ui.enabled=false'
2025-11-20T14:41:20.707-03:00  INFO 30060 --- [http-nio-8080-exec-2] o.a.c.c.C.[Tomcat].[localhost].[/]       : Initializing Spring DispatcherServlet 'dispatcherServlet'
2025-11-20T14:41:20.707-03:00  INFO 30060 --- [http-nio-8080-exec-2] o.s.web.servlet.DispatcherServlet        : Initializing Servlet 'dispatcherServlet'
2025-11-20T14:41:20.710-03:00  INFO 30060 --- [http-nio-8080-exec-2] o.s.web.servlet.DispatcherServlet        : Completed initialization in 2 ms
2025-11-20T14:42:08.669-03:00  INFO 30060 --- [SpringApplicationShutdownHook] o.s.b.w.e.tomcat.GracefulShutdown        : Commencing graceful shutdown. Waiting for active requests to complete
2025-11-20T14:42:09.441-03:00  INFO 30060 --- [tomcat-shutdown] o.s.b.w.e.tomcat.GracefulShutdown        : Graceful shutdown complete
2025-11-20T14:42:09.446-03:00  INFO 30060 --- [SpringApplicationShutdownHook] j.LocalContainerEntityManagerFactoryBean : Closing JPA EntityManagerFactory for persistence unit 'default'
2025-11-20T14:42:09.450-03:00  INFO 30060 --- [SpringApplicationShutdownHook] com.zaxxer.hikari.HikariDataSource       : HikariPool-1 - Shutdown initiated...
2025-11-20T14:42:09.460-03:00  INFO 30060 --- [SpringApplicationShutdownHook] com.zaxxer.hikari.HikariDataSource       : HikariPool-1 - Shutdown completed.
2025-11-20T14:42:12.943-03:00  INFO 13668 --- [main] c.q.a.AlmoxarifadoApplication            : Starting AlmoxarifadoApplication using Java 24.0.1 with PID 13668 (C:\Users\mfsco\Documents\Aratech Sistemas\Clientes\qmovi\almoxarifado\almoxarifado\target\classes started by mfsco in C:\Users\mfsco\Documents\Aratech Sistemas\Clientes\qmovi\almoxarifado)
2025-11-20T14:42:12.950-03:00  INFO 13668 --- [main] c.q.a.AlmoxarifadoApplication            : No active profile set, falling back to 1 default profile: "default"
2025-11-20T14:42:15.255-03:00  INFO 13668 --- [main] .s.d.r.c.RepositoryConfigurationDelegate : Bootstrapping Spring Data JPA repositories in DEFAULT mode.
2025-11-20T14:42:15.423-03:00  INFO 13668 --- [main] .s.d.r.c.RepositoryConfigurationDelegate : Finished Spring Data repository scanning in 141 ms. Found 2 JPA repository interfaces.
2025-11-20T14:42:16.748-03:00  INFO 13668 --- [main] o.s.b.w.embedded.tomcat.TomcatWebServer  : Tomcat initialized with port 8080 (http)
2025-11-20T14:42:16.773-03:00  INFO 13668 --- [main] o.apache.catalina.core.StandardService   : Starting service [Tomcat]
2025-11-20T14:42:16.773-03:00  INFO 13668 --- [main] o.apache.catalina.core.StandardEngine    : Starting Servlet engine: [Apache Tomcat/10.1.48]
2025-11-20T14:42:16.881-03:00  INFO 13668 --- [main] o.a.c.c.C.[Tomcat].[localhost].[/]       : Initializing Spring embedded WebApplicationContext
2025-11-20T14:42:16.882-03:00  INFO 13668 --- [main] w.s.c.ServletWebServerApplicationContext : Root WebApplicationContext: initialization completed in 3763 ms
2025-11-20T14:42:17.452-03:00  INFO 13668 --- [main] com.zaxxer.hikari.HikariDataSource       : HikariPool-1 - Starting...
2025-11-20T14:42:17.809-03:00  INFO 13668 --- [main] com.zaxxer.hikari.pool.HikariPool        : HikariPool-1 - Added connection org.postgresql.jdbc.PgConnection@4ae8fb2a
2025-11-20T14:42:17.812-03:00  INFO 13668 --- [main] com.zaxxer.hikari.HikariDataSource       : HikariPool-1 - Start completed.
2025-11-20T14:42:17.840-03:00  INFO 13668 --- [main] org.flywaydb.core.FlywayExecutor         : Database: jdbc:postgresql://localhost:5433/qmovi?sslmode=disable (PostgreSQL 16.10)
2025-11-20T14:42:17.967-03:00  INFO 13668 --- [main] o.f.core.internal.command.DbValidate     : Successfully validated 2 migrations (execution time 00:00.056s)
2025-11-20T14:42:18.030-03:00  INFO 13668 --- [main] o.f.core.internal.command.DbMigrate      : Current version of schema "public": 2
2025-11-20T14:42:18.048-03:00  INFO 13668 --- [main] o.f.core.internal.command.DbMigrate      : Schema "public" is up to date. No migration necessary.
2025-11-20T14:42:18.317-03:00  INFO 13668 --- [main] o.hibernate.jpa.internal.util.LogHelper  : HHH000204: Processing PersistenceUnitInfo [name: default]
2025-11-20T14:42:18.415-03:00  INFO 13668 --- [main] org.hibernate.Version                    : HHH000412: Hibernate ORM core version 6.6.33.Final
2025-11-20T14:42:18.480-03:00  INFO 13668 --- [main] o.h.c.internal.RegionFactoryInitiator    : HHH000026: Second-level cache disabled
2025-11-20T14:42:18.957-03:00  INFO 13668 --- [main] o.s.o.j.p.SpringPersistenceUnitInfo      : No LoadTimeWeaver setup: ignoring JPA class transformer
2025-11-20T14:42:19.055-03:00  INFO 13668 --- [main] org.hibernate.orm.connections.pooling    : HHH10001005: Database info:
	Database JDBC URL [Connecting through datasource 'HikariDataSource (HikariPool-1)']
	Database driver: undefined/unknown
	Database version: 16.10
	Autocommit mode: undefined/unknown
	Isolation level: undefined/unknown
	Minimum pool size: undefined/unknown
	Maximum pool size: undefined/unknown
2025-11-20T14:42:20.165-03:00  INFO 13668 --- [main] o.h.e.t.j.p.i.JtaPlatformInitiator       : HHH000489: No JTA platform available (set 'hibernate.transaction.jta.platform' to enable JTA platform integration)
2025-11-20T14:42:20.288-03:00  INFO 13668 --- [main] j.LocalContainerEntityManagerFactoryBean : Initialized JPA EntityManagerFactory for persistence unit 'default'
2025-11-20T14:42:21.890-03:00  WARN 13668 --- [main] JpaBaseConfiguration$JpaWebConfiguration : spring.jpa.open-in-view is enabled by default. Therefore, database queries may be performed during view rendering. Explicitly configure spring.jpa.open-in-view to disable this warning
2025-11-20T14:42:23.470-03:00  INFO 13668 --- [main] o.s.b.w.embedded.tomcat.TomcatWebServer  : Tomcat started on port 8080 (http) with context path '/'
2025-11-20T14:42:23.488-03:00  INFO 13668 --- [main] c.q.a.AlmoxarifadoApplication            : Started AlmoxarifadoApplication in 11.762 seconds (process running for 12.683)
2025-11-20T14:42:23.497-03:00  WARN 13668 --- [main] o.s.core.events.SpringDocAppInitializer  : SpringDoc /v3/api-docs endpoint is enabled by default. To disable it in production, set the property 'springdoc.api-docs.enabled=false'
2025-11-20T14:42:23.497-03:00  WARN 13668 --- [main] o.s.core.events.SpringDocAppInitializer  : SpringDoc /swagger-ui.html endpoint is enabled by default. To disable it in production, set the property 'springdoc.swagger-ui.enabled=false'
2025-11-20T14:42:57.890-03:00  INFO 13668 --- [http-nio-8080-exec-1] o.a.c.c.C.[Tomcat].[localhost].[/]       : Initializing Spring DispatcherServlet 'dispatcherServlet'
2025-11-20T14:42:57.890-03:00  INFO 13668 --- [http-nio-8080-exec-1] o.s.web.servlet.DispatcherServlet        : Initializing Servlet 'dispatcherServlet'
2025-11-20T14:42:57.892-03:00  INFO 13668 --- [http-nio-8080-exec-1] o.s.web.servlet.DispatcherServlet        : Completed initialization in 2 ms
2025-11-20T14:44:46.454-03:00  WARN 13668 --- [HikariPool-1:housekeeper] com.zaxxer.hikari.pool.HikariPool        : HikariPool-1 - Thread starvation or clock leap detected (housekeeper delta=46s260ms164µs200ns).
2025-11-20T14:46:05.287-03:00  WARN 13668 --- [HikariPool-1:housekeeper] com.zaxxer.hikari.pool.HikariPool        : HikariPool-1 - Thread starvation or clock leap detected (housekeeper delta=1m18s832ms315µs100ns).
2025-11-20T15:46:07.884-03:00  WARN 13668 --- [HikariPool-1:housekeeper] com.zaxxer.hikari.pool.HikariPool        : HikariPool-1 - Thread starvation or clock leap detected (housekeeper delta=1h2s692ms919µs900ns).
2025-11-20T15:46:17.862-03:00  INFO 13668 --- [SpringApplicationShutdownHook] o.s.b.w.e.tomcat.GracefulShutdown        : Commencing graceful shutdown. Waiting for active requests to complete
2025-11-20T15:46:17.871-03:00  INFO 13668 --- [tomcat-shutdown] o.s.b.w.e.tomcat.GracefulShutdown        : Graceful shutdown complete
2025-11-20T15:46:17.877-03:00  INFO 13668 --- [SpringApplicationShutdownHook] j.LocalContainerEntityManagerFactoryBean : Closing JPA EntityManagerFactory for persistence unit 'default'
2025-11-20T15:46:17.881-03:00  INFO 13668 --- [SpringApplicationShutdownHook] com.zaxxer.hikari.HikariDataSource       : HikariPool-1 - Shutdown initiated...
2025-11-20T15:46:17.892-03:00  INFO 13668 --- [SpringApplicationShutdownHook] com.zaxxer.hikari.HikariDataSource       : HikariPool-1 - Shutdown completed.
2025-11-20T15:46:22.529-03:00  INFO 6924 --- [main] c.q.a.AlmoxarifadoApplication            : Starting AlmoxarifadoApplication using Java 24.0.1 with PID 6924 (C:\Users\mfsco\Documents\Aratech Sistemas\Clientes\qmovi\almoxarifado\almoxarifado\target\classes started by mfsco in C:\Users\mfsco\Documents\Aratech Sistemas\Clientes\qmovi\almoxarifado)
2025-11-20T15:46:22.537-03:00  INFO 6924 --- [main] c.q.a.AlmoxarifadoApplication            : No active profile set, falling back to 1 default profile: "default"
2025-11-20T15:46:25.107-03:00  INFO 6924 --- [main] .s.d.r.c.RepositoryConfigurationDelegate : Bootstrapping Spring Data JPA repositories in DEFAULT mode.
2025-11-20T15:46:25.293-03:00  INFO 6924 --- [main] .s.d.r.c.RepositoryConfigurationDelegate : Finished Spring Data repository scanning in 155 ms. Found 2 JPA repository interfaces.
2025-11-20T15:46:26.846-03:00  INFO 6924 --- [main] o.s.b.w.embedded.tomcat.TomcatWebServer  : Tomcat initialized with port 8080 (http)
2025-11-20T15:46:26.883-03:00  INFO 6924 --- [main] o.apache.catalina.core.StandardService   : Starting service [Tomcat]
2025-11-20T15:46:26.884-03:00  INFO 6924 --- [main] o.apache.catalina.core.StandardEngine    : Starting Servlet engine: [Apache Tomcat/10.1.48]
2025-11-20T15:46:27.167-03:00  INFO 6924 --- [main] o.a.c.c.C.[Tomcat].[localhost].[/]       : Initializing Spring embedded WebApplicationContext
2025-11-20T15:46:27.168-03:00  INFO 6924 --- [main] w.s.c.ServletWebServerApplicationContext : Root WebApplicationContext: initialization completed in 4499 ms
2025-11-20T15:46:28.050-03:00  INFO 6924 --- [main] com.zaxxer.hikari.HikariDataSource       : HikariPool-1 - Starting...
2025-11-20T15:46:28.547-03:00  INFO 6924 --- [main] com.zaxxer.hikari.pool.HikariPool        : HikariPool-1 - Added connection org.postgresql.jdbc.PgConnection@4b4814d0
2025-11-20T15:46:28.551-03:00  INFO 6924 --- [main] com.zaxxer.hikari.HikariDataSource       : HikariPool-1 - Start completed.
2025-11-20T15:46:28.603-03:00  INFO 6924 --- [main] org.flywaydb.core.FlywayExecutor         : Database: jdbc:postgresql://localhost:5433/qmovi?sslmode=disable (PostgreSQL 16.10)
2025-11-20T15:46:28.835-03:00  INFO 6924 --- [main] o.f.core.internal.command.DbValidate     : Successfully validated 2 migrations (execution time 00:00.093s)
2025-11-20T15:46:28.887-03:00  INFO 6924 --- [main] o.f.core.internal.command.DbMigrate      : Current version of schema "public": 2
2025-11-20T15:46:28.899-03:00  INFO 6924 --- [main] o.f.core.internal.command.DbMigrate      : Schema "public" is up to date. No migration necessary.
2025-11-20T15:46:29.173-03:00  INFO 6924 --- [main] o.hibernate.jpa.internal.util.LogHelper  : HHH000204: Processing PersistenceUnitInfo [name: default]
2025-11-20T15:46:29.326-03:00  INFO 6924 --- [main] org.hibernate.Version                    : HHH000412: Hibernate ORM core version 6.6.33.Final
2025-11-20T15:46:29.432-03:00  INFO 6924 --- [main] o.h.c.internal.RegionFactoryInitiator    : HHH000026: Second-level cache disabled
2025-11-20T15:46:30.208-03:00  INFO 6924 --- [main] o.s.o.j.p.SpringPersistenceUnitInfo      : No LoadTimeWeaver setup: ignoring JPA class transformer
2025-11-20T15:46:30.483-03:00  INFO 6924 --- [main] org.hibernate.orm.connections.pooling    : HHH10001005: Database info:
	Database JDBC URL [Connecting through datasource 'HikariDataSource (HikariPool-1)']
	Database driver: undefined/unknown
	Database version: 16.10
	Autocommit mode: undefined/unknown
	Isolation level: undefined/unknown
	Minimum pool size: undefined/unknown
	Maximum pool size: undefined/unknown
2025-11-20T15:46:32.781-03:00  INFO 6924 --- [main] o.h.e.t.j.p.i.JtaPlatformInitiator       : HHH000489: No JTA platform available (set 'hibernate.transaction.jta.platform' to enable JTA platform integration)
2025-11-20T15:46:32.884-03:00  INFO 6924 --- [main] j.LocalContainerEntityManagerFactoryBean : Initialized JPA EntityManagerFactory for persistence unit 'default'
2025-11-20T15:46:35.378-03:00  WARN 6924 --- [main] JpaBaseConfiguration$JpaWebConfiguration : spring.jpa.open-in-view is enabled by default. Therefore, database queries may be performed during view rendering. Explicitly configure spring.jpa.open-in-view to disable this warning
2025-11-20T15:46:37.399-03:00  INFO 6924 --- [main] o.s.b.w.embedded.tomcat.TomcatWebServer  : Tomcat started on port 8080 (http) with context path '/'
2025-11-20T15:46:37.436-03:00  INFO 6924 --- [main] c.q.a.AlmoxarifadoApplication            : Started AlmoxarifadoApplication in 16.821 seconds (process running for 17.988)
2025-11-20T15:46:37.458-03:00  WARN 6924 --- [main] o.s.core.events.SpringDocAppInitializer  : SpringDoc /v3/api-docs endpoint is enabled by default. To disable it in production, set the property 'springdoc.api-docs.enabled=false'
2025-11-20T15:46:37.458-03:00  WARN 6924 --- [main] o.s.core.events.SpringDocAppInitializer  : SpringDoc /swagger-ui.html endpoint is enabled by default. To disable it in production, set the property 'springdoc.swagger-ui.enabled=false'
2025-11-20T18:15:17.080-03:00  WARN 6924 --- [HikariPool-1:housekeeper] com.zaxxer.hikari.pool.HikariPool        : HikariPool-1 - Thread starvation or clock leap detected (housekeeper delta=32m46s562ms816µs).
2025-11-20T18:34:52.503-03:00  INFO 6924 --- [SpringApplicationShutdownHook] o.s.b.w.e.tomcat.GracefulShutdown        : Commencing graceful shutdown. Waiting for active requests to complete
2025-11-20T18:34:52.524-03:00  INFO 6924 --- [tomcat-shutdown] o.s.b.w.e.tomcat.GracefulShutdown        : Graceful shutdown complete
2025-11-20T18:34:52.538-03:00  INFO 6924 --- [SpringApplicationShutdownHook] j.LocalContainerEntityManagerFactoryBean : Closing JPA EntityManagerFactory for persistence unit 'default'
2025-11-20T18:34:52.553-03:00  INFO 6924 --- [SpringApplicationShutdownHook] com.zaxxer.hikari.HikariDataSource       : HikariPool-1 - Shutdown initiated...
2025-11-20T18:34:52.566-03:00  INFO 6924 --- [SpringApplicationShutdownHook] com.zaxxer.hikari.HikariDataSource       : HikariPool-1 - Shutdown completed.
